수집일,템플릿ID,이름,썸네일날짜,카테고리,검색키워드,순위,페이지수,프리미엄,폭,높이,노출횟수,썸네일URL,노출후보플래그,신호라벨,신뢰도,판정규칙버전
2026-08-03,krjd9yy8u581602s,파랑 깔끔 입찰 제안서 안내,2026-07-30,/ko/templates,,,20,O,,,1,https://file.miricanvas.com/template_json_thumb/2026/07/30/21/30/krjd9yy8u581602s/json_thumb.webp,X,목록관측,낮음,1.0
2026-08-03,kshe56v44tqw3hj1,파란색 깔끔 여름 휴가 안내,2026-07-30,/ko/templates,,,6,O,400,400,1,https://file.miricanvas.com/template_json_thumb/2026/07/30/09/30/kshe56v44tqw3hj1/json_thumb.webp,X,목록관측,낮음,1.0
2026-08-03,k3h2l407ahq810si,파랑 깔끔 개발자 커리어 모집 안내,2026-07-29,/ko/templates,,,14,O,400,225,1,https://file.miricanvas.com/template_json_thumb/2026/07/29/17/30/k3h2l407ahq810si/json_thumb.webp,X,목록관측,낮음,1.0
2026-08-03,kmfkvr1qdg6zqxl6,파란색 사이버 프로그래밍 교육 안내,2026-07-28,/ko/templates,,,15,O,400,225,1,https://file.miricanvas.com/template_json_thumb/2026/07/28/17/30/kmfkvr1qdg6zqxl6/json_thumb.webp,X,목록관측,낮음,1.0
2026-08-03,ky8bzq3x92uad5ra,파랑 깔끔 채용설명회 안내,2026-07-28,/ko/templates,,,20,O,,,1,https://file.miricanvas.com/template_json_thumb/2026/07/28/17/30/ky8bzq3x92uad5ra/json_thumb.webp,X,목록관측,낮음,1.0
2026-08-03,kh4qsxb52v3ig2yg,보라 심플 AI 데이터 교육 안내,2026-07-27,/ko/templates,,,6,O,400,400,1,https://file.miricanvas.com/template_json_thumb/2026/07/27/16/30/kh4qsxb52v3ig2yg/json_thumb.webp,X,목록관측,낮음,1.0
2026-08-03,kvx8xje4zuiycdpq,하늘색 깔끔 공공기관 AI보안 수칙 안내,2026-07-26,/ko/templates,,,6,O,400,400,1,https://file.miricanvas.com/template_json_thumb/2026/07/26/19/20/kvx8xje4zuiycdpq/json_thumb.webp,X,목록관측,낮음,1.0
2026-08-03,kqhp3h3cxox5ivn5,노랑 심플 학교 일정 안내,2026-07-24,/ko/templates,,,,O,400,400,1,https://file.miricanvas.com/template_json_thumb/2026/07/24/17/30/kqhp3h3cxox5ivn5/json_thumb.webp,X,목록관측,낮음,1.0
2026-08-03,kjcbvk81z2ukq10j,파랑 깔끔 여름 오피스 라이프 안내,2026-07-24,/ko/templates,,,20,O,400,225,1,https://file.miricanvas.com/template_json_thumb/2026/07/24/16/30/kjcbvk81z2ukq10j/json_thumb.webp,X,목록관측,낮음,1.0
2026-08-03,k1538isqrtmxepl2,보라 깔끔 기업협업 프로젝트 홍보,2026-07-24,/ko/templates,,,,O,283,400,1,https://file.miricanvas.com/template_json_thumb/2026/07/24/16/30/k1538isqrtmxepl2/json_thumb.webp,X,목록관측,낮음,1.0
2026-08-03,k00geewx3kff6g4n,파랑 깔끔 AI 실무교육 제안서,2026-07-24,/ko/templates,,,13,O,,,1,https://file.miricanvas.com/template_json_thumb/2026/07/24/11/30/k00geewx3kff6g4n/json_thumb.webp,X,목록관측,낮음,1.0
2026-08-03,kf7uqrvdgs6rfdvk,파랑 모던 인공지능 교육 광고,2026-07-24,/ko/templates,,,4,O,283,400,1,https://file.miricanvas.com/template_json_thumb/2026/07/24/09/30/kf7uqrvdgs6rfdvk/json_thumb.webp,X,목록관측,낮음,1.0
2026-08-03,kbne4oa8n5qqu0u8,보라 모던 AI자격증 홍보,2026-07-23,/ko/templates,,,,O,,,1,https://file.miricanvas.com/template_json_thumb/2026/07/23/14/30/kbne4oa8n5qqu0u8/json_thumb.webp,X,목록관측,낮음,1.0
2026-08-03,kwdbo68z0job4czg,오렌지 모던 데이터분석 부트캠프 홍보,2026-07-23,/ko/templates,,,10,O,,,1,https://file.miricanvas.com/template_json_thumb/2026/07/23/14/30/kwdbo68z0job4czg/json_thumb.webp,X,목록관측,낮음,1.0
2026-08-03,k4ezm19w39h14jt2,초록 심플 학교 일정 안내,2026-07-23,/ko/templates,,,,O,400,400,1,https://file.miricanvas.com/template_json_thumb/2026/07/23/14/30/k4ezm19w39h14jt2/json_thumb.webp,X,목록관측,낮음,1.0
2026-08-03,k55xnzg69xqvxjkq,파랑 심플 포토 리뷰 이벤트 홍보,2026-07-23,/ko/templates,,,,O,320,400,1,https://file.miricanvas.com/template_thumb/2026/07/23/12/30/k55xnzg69xqvxjkq/thumb.webp,X,목록관측,낮음,1.0
2026-08-03,ko32c6f8963gnw5u,초록 심플 기후위기 이야기 프로젝트 안내,2026-07-22,/ko/templates,,,6,O,400,400,1,https://file.miricanvas.com/template_json_thumb/2026/07/22/17/30/ko32c6f8963gnw5u/json_thumb.webp,X,목록관측,낮음,1.0
2026-08-03,k5b773oc8h7juf2c,흰색 모던 AI 프로그래밍 행사,2026-07-22,/ko/templates,,,15,O,400,225,1,https://file.miricanvas.com/template_json_thumb/2026/07/22/12/30/k5b773oc8h7juf2c/json_thumb.webp,X,목록관측,낮음,1.0
2026-08-03,kgkh1h9qtk39s9a4,검정 모던 개발자 행사 안내,2026-07-22,/ko/templates,,,,O,283,400,1,https://file.miricanvas.com/template_json_thumb/2026/07/22/10/30/kgkh1h9qtk39s9a4/json_thumb.webp,X,목록관측,낮음,1.0
2026-08-03,klo51gnli2ehk5jx,베이지 깔끔 건강검진 안내,2026-07-22,/ko/templates,,,20,O,400,225,1,https://file.miricanvas.com/template_json_thumb/2026/07/22/10/30/klo51gnli2ehk5jx/json_thumb.webp,X,목록관측,낮음,1.0
2026-08-03,ktzwblfxaue5a2ce,베이지 깔끔 바리스타 교육 모집,2026-07-21,/ko/templates,,,8,O,313,400,1,https://file.miricanvas.com/template_json_thumb/2026/07/21/18/30/ktzwblfxaue5a2ce/json_thumb.webp,X,목록관측,낮음,1.0
2026-08-03,kd2nt8mruynbrvcj,파랑 깔끔 학교 일정 안내,2026-07-21,/ko/templates,,,,O,400,400,1,https://file.miricanvas.com/template_json_thumb/2026/07/21/18/30/kd2nt8mruynbrvcj/json_thumb.webp,X,목록관측,낮음,1.0
2026-08-03,k7krb7pf3ujv795h,아이보리의 심플한 한가위 테마,2026-07-21,web_flyer_single,추석,49,,O,283,400,1,https://file.miricanvas.com/template_json_thumb/2026/07/21/18/30/k7krb7pf3ujv795h/json_thumb.webp,X,노출관측,중간,1.0
2026-08-03,kam97qacgcz5xwwg,보라 모던 인공지능 사업계획 발표회,2026-07-21,/ko/templates,,,18,O,400,225,1,https://file.miricanvas.com/template_json_thumb/2026/07/21/16/30/kam97qacgcz5xwwg/json_thumb.webp,X,목록관측,낮음,1.0
2026-08-03,kkpimynz9unostj6,보라 미니멀 경력자 포트폴리오 소개,2026-07-21,/ko/templates,,,16,O,,,1,https://file.miricanvas.com/template_json_thumb/2026/07/21/14/30/kkpimynz9unostj6/json_thumb.webp,X,목록관측,낮음,1.0
2026-08-03,ksn37olrhpk62hjr,베이지 깔끔 의료 종사자 직무 역량 교육,2026-07-21,/ko/templates,,,16,O,400,225,1,https://file.miricanvas.com/template_json_thumb/2026/07/21/10/30/ksn37olrhpk62hjr/json_thumb.webp,X,목록관측,낮음,1.0
2026-08-03,k7z4wcatoj1rjfe1,노랑 심플 월간 소식지 안내,2026-07-16,/ko/templates,,,,O,400,400,1,https://file.miricanvas.com/template_json_thumb/2026/07/16/14/30/k7z4wcatoj1rjfe1/json_thumb.webp,X,목록관측,낮음,1.0
2026-08-03,kq0j6bovxcsdv2c8,주황 심플 학사 일정 안내,2026-07-15,/ko/templates,,,,O,400,400,1,https://file.miricanvas.com/template_json_thumb/2026/07/15/14/30/kq0j6bovxcsdv2c8/json_thumb.webp,X,목록관측,낮음,1.0
2026-08-03,kldohrywgnc0kwdx,파랑 심플 추석 교육자료 안내,2026-07-15,presentation,추석,50,10,O,640,360,1,https://file.miricanvas.com/template_thumb/2026/07/15/11/30/kldohrywgnc0kwdx/thumb.webp,X,노출관측,중간,1.0
2026-08-03,k1v61g98tj6le8ju,추석 감사 인사,2026-07-14,poster_ver_print,추석,56,,O,283,400,1,https://file.miricanvas.com/template_thumb/2026/07/14/15/30/k1v61g98tj6le8ju/thumb.webp,X,노출관측,중간,1.0
2026-08-03,kcf03nybgthbsgmf,아이보리 깔끔 결혼식 안내,2026-07-13,/ko/templates,,,2,O,400,284,1,https://file.miricanvas.com/template_json_thumb/2026/07/13/20/30/kcf03nybgthbsgmf/json_thumb.webp,X,목록관측,낮음,1.0
2026-08-03,klf3gr0smdo11ns2,흰색 심플 발표 자료,2026-07-13,/ko/templates,,,10,O,,,1,https://file.miricanvas.com/template_json_thumb/2026/07/13/18/30/klf3gr0smdo11ns2/json_thumb.webp,X,목록관측,낮음,1.0
2026-08-03,kuwg5aj8nvlb2hoc,남색 깔끔 운영 계획 보고서 기획서,2026-07-10,/ko/templates,,,20,O,400,225,1,https://file.miricanvas.com/template_json_thumb/2026/07/10/15/30/kuwg5aj8nvlb2hoc/json_thumb.webp,X,목록관측,낮음,1.0
2026-08-03,k2bmyxc0i0sew2ys,초록 미니멀 AI 인사이트 홍보,2026-07-10,/ko/templates,,,,O,400,400,1,https://file.miricanvas.com/template_json_thumb/2026/07/10/11/30/k2bmyxc0i0sew2ys/json_thumb.webp,X,목록관측,낮음,1.0
2026-08-03,k7uaw4hqqrbq3s04,파란색의 모던한 브랜드 콘텐츠 제작 제안서,2026-07-08,/ko/templates,,,18,O,400,225,1,https://file.miricanvas.com/template_json_thumb/2026/07/08/10/30/k7uaw4hqqrbq3s04/json_thumb.webp,X,목록관측,낮음,1.0
2026-08-03,kua9izgha8jdwij8,파랑 깔끔 추석 교육자료 안내,2026-07-07,card_news,추석,19,10,O,400,400,1,https://file.miricanvas.com/template_thumb/2026/07/07/19/30/kua9izgha8jdwij8/thumb.webp,X,노출관측,중간,1.0
2026-08-03,kkkgtcgrjqxutb66,빨강 모던 브랜드 콘텐츠 제안서 홍보,2026-07-03,/ko/templates,,,18,O,400,225,1,https://file.miricanvas.com/template_json_thumb/2026/07/03/15/30/kkkgtcgrjqxutb66/json_thumb.webp,X,목록관측,낮음,1.0
2026-08-03,kkqqeigqrmrihscb,주황 전통 한가위 안내,2026-07-03,placard_hor,추석,57,,O,1280,230,1,https://file.miricanvas.com/template_json_thumb/2026/07/03/11/30/kkqqeigqrmrihscb/json_thumb.webp,X,노출관측,중간,1.0
2026-08-03,k65e950lyhjgecm3,회색 미니멀 식품 플랫폼 제안서,2026-06-29,/ko/templates,,,20,O,,,1,https://file.miricanvas.com/template_json_thumb/2026/06/29/17/30/k65e950lyhjgecm3/json_thumb.webp,X,목록관측,낮음,1.0
2026-08-03,kvw8q7t9cwiec69m,파랑 심플 브랜드 콘텐츠 제안서 기획서,2026-06-29,/ko/templates,,,18,O,,,1,https://file.miricanvas.com/template_json_thumb/2026/06/29/17/30/kvw8q7t9cwiec69m/json_thumb.webp,X,목록관측,낮음,1.0
2026-08-03,kmet2r2jlwa23ygx,파란색 깔끔 여름 상품 제안 홍보,2026-06-29,/ko/templates,,,15,O,,,1,https://file.miricanvas.com/template_json_thumb/2026/06/29/16/30/kmet2r2jlwa23ygx/json_thumb.webp,X,목록관측,낮음,1.0
2026-08-03,k6uy2umal516z28c,주황 심플 한가위 인사 안내,2026-06-29,instagram_feed,추석,39,,O,400,400,1,https://file.miricanvas.com/template_json_thumb/2026/06/29/13/30/k6uy2umal516z28c/json_thumb.webp,X,노출관측,중간,1.0
2026-08-03,k38t3rw02de04tti,파란색 깔끔 스티커 홍보,2026-06-29,/ko/templates,,,10,O,313,400,1,https://file.miricanvas.com/template_json_thumb/2026/06/29/09/30/k38t3rw02de04tti/json_thumb.webp,X,목록관측,낮음,1.0
2026-08-03,kf8uuecqm792tdgb,파랑 모던 타운홀 행사,2026-06-29,/ko/templates,,,24,O,400,225,1,https://file.miricanvas.com/template_json_thumb/2026/06/29/09/30/kf8uuecqm792tdgb/json_thumb.webp,X,목록관측,낮음,1.0
2026-08-03,kw6br4bb74x7fyyq,초록 미니멀 타운홀 미팅 안내,2026-06-26,/ko/templates,,,24,O,,,1,https://file.miricanvas.com/template_json_thumb/2026/06/26/13/30/kw6br4bb74x7fyyq/json_thumb.webp,X,목록관측,낮음,1.0
2026-08-03,kiibb47zdo40w9x5,회색 모던 기업실적 발표 안내,2026-06-26,/ko/templates,,,24,O,,,1,https://file.miricanvas.com/template_json_thumb/2026/06/26/09/30/kiibb47zdo40w9x5/json_thumb.webp,X,목록관측,낮음,1.0
2026-08-03,km9dkwgwv7g2rslp,남색의 모던한 기업 타운홀 행사 안내서,2026-06-24,/ko/templates,,,25,O,,,1,https://file.miricanvas.com/template_json_thumb/2026/06/24/17/30/km9dkwgwv7g2rslp/json_thumb.webp,X,목록관측,낮음,1.0
2026-08-03,kx21l1k5euuoiuge,하늘색 모던 여름용 우산 홍보,2026-06-24,/ko/templates,,,,O,400,225,1,https://file.miricanvas.com/template_json_thumb/2026/06/24/10/30/kx21l1k5euuoiuge/json_thumb.webp,X,목록관측,낮음,1.0
2026-08-03,kc7jj7fu1rfxi9zr,핑크 심플 SNS 썸네일,2026-06-23,/ko/templates,,,,O,320,400,1,https://file.miricanvas.com/template_json_thumb/2026/06/23/11/30/kc7jj7fu1rfxi9zr/json_thumb.webp,X,목록관측,낮음,1.0
2026-08-03,kpqq214175ostl3e,파랑 깔끔 자연 안내,2026-06-23,/ko/templates,,,,O,320,400,1,https://file.miricanvas.com/template_json_thumb/2026/06/23/11/30/kpqq214175ostl3e/json_thumb.webp,X,목록관측,낮음,1.0
2026-08-03,kreh1owmeecr57tp,노랑 아기자기한 한가위 안내,2026-06-23,ricecake_memo_paper_square,추석,26,,O,400,400,1,https://file.miricanvas.com/template_thumb/2026/06/23/10/30/kreh1owmeecr57tp/thumb.webp,X,노출관측,중간,1.0
2026-08-03,kyoeaguae91jk3vu,하늘색 깔끔 한가위 축제 안내,2026-06-22,post_card_102_152,추석,58,,O,272,400,1,https://file.miricanvas.com/template_json_thumb/2026/06/22/20/30/kyoeaguae91jk3vu/json_thumb.webp,X,노출관측,중간,1.0
2026-08-03,kdck5aaze82hj6e1,민트 미니멀 휴대용 선풍기 광고,2026-06-22,/ko/templates,,,10,O,313,400,1,https://file.miricanvas.com/template_json_thumb/2026/06/22/17/30/kdck5aaze82hj6e1/json_thumb.webp,X,목록관측,낮음,1.0
2026-08-03,ko8coeuhwyih894g,보라색과 회색의 심플한 프로모션 기획서,2026-06-22,/ko/templates,,,10,O,400,225,1,https://file.miricanvas.com/template_json_thumb/2026/06/22/09/30/ko8coeuhwyih894g/json_thumb.webp,X,목록관측,낮음,1.0
2026-08-03,kfk24if0wiv962w4,파랑 심플 여름 프로모션 안내,2026-06-19,/ko/templates,,,20,O,400,225,1,https://file.miricanvas.com/template_json_thumb/2026/06/19/15/30/kfk24if0wiv962w4/json_thumb.webp,X,목록관측,낮음,1.0
2026-08-03,k9tdtrtqio5vteos,하늘색과 연두색의 심플한 여름 시즌 제품 소개 광고,2026-06-19,/ko/templates,,,,O,400,400,1,https://file.miricanvas.com/template_json_thumb/2026/06/19/14/30/k9tdtrtqio5vteos/json_thumb.webp,X,목록관측,낮음,1.0
2026-08-03,kyi0zrcup6tq7khv,하늘색 깔끔 여름 양산 홍보,2026-06-19,/ko/templates,,,,O,400,225,1,https://file.miricanvas.com/template_json_thumb/2026/06/19/11/30/kyi0zrcup6tq7khv/json_thumb.webp,X,목록관측,낮음,1.0
2026-08-03,krqdyg37rlwl06j5,흑백 모던 키링 컬렉션 홍보,2026-06-18,/ko/templates,,,,O,400,400,1,https://file.miricanvas.com/template_json_thumb/2026/06/18/17/50/krqdyg37rlwl06j5/json_thumb.webp,X,목록관측,낮음,1.0
2026-08-03,k2d0h9yl418yy7le,파랑 심플 내돈내산 후기 홍보,2026-06-17,/ko/templates,,,,O,320,400,1,https://file.miricanvas.com/template_json_thumb/2026/06/17/12/30/k2d0h9yl418yy7le/json_thumb.webp,X,목록관측,낮음,1.0
2026-08-03,k8l4w08p7juuacrp,노랑 깔끔 장마철 안전 수칙 안내,2026-06-16,/ko/templates,,,,O,400,400,1,https://file.miricanvas.com/template_thumb/2026/06/16/18/30/k8l4w08p7juuacrp/thumb.webp,X,목록관측,낮음,1.0
2026-08-03,kmwfi5k3zfuh1ghn,파랑 모던 기업행사 안내,2026-06-12,/ko/templates,,,24,O,400,225,1,https://file.miricanvas.com/template_json_thumb/2026/06/12/15/30/kmwfi5k3zfuh1ghn/json_thumb.webp,X,목록관측,낮음,1.0
2026-08-03,k7vhqrboak2rr5kk,파란색 깔끔 경량 우산 홍보,2026-06-12,/ko/templates,,,10,O,313,400,1,https://file.miricanvas.com/template_json_thumb/2026/06/12/08/30/k7vhqrboak2rr5kk/json_thumb.webp,X,목록관측,낮음,1.0
2026-08-03,kw14z6q0do9k6kjl,파랑 심플 휴대용 선풍기 광고,2026-06-11,/ko/templates,,,10,O,313,400,1,https://file.miricanvas.com/template_json_thumb/2026/06/11/16/30/kw14z6q0do9k6kjl/json_thumb.webp,X,목록관측,낮음,1.0
2026-08-03,kz1elb696su6ic9k,보라 심플 SNS 마케팅 홍보,2026-06-11,/ko/templates,,,,O,320,400,1,https://file.miricanvas.com/template_json_thumb/2026/06/11/12/30/kz1elb696su6ic9k/json_thumb.webp,X,목록관측,낮음,1.0
2026-08-03,kxtd97s1admpsfs5,초록 심플 자연 SNS 제목 썸네일,2026-06-11,/ko/templates,,,,O,320,400,1,https://file.miricanvas.com/template_json_thumb/2026/06/11/12/30/kxtd97s1admpsfs5/json_thumb.webp,X,목록관측,낮음,1.0
2026-08-03,kvfoyewppkpkjh8x,파랑 아기자기한 미술 수업 모집,2026-06-11,/ko/templates,,,,O,400,400,1,https://file.miricanvas.com/template_thumb/2026/06/11/11/30/kvfoyewppkpkjh8x/thumb.webp,X,목록관측,낮음,1.0
2026-08-03,ks14pdaz1qgo79zl,하늘색 깔끔 여름 필수품 홍보,2026-06-09,/ko/templates,,,,O,320,400,1,https://file.miricanvas.com/template_json_thumb/2026/06/09/13/30/ks14pdaz1qgo79zl/json_thumb.webp,X,목록관측,낮음,1.0
2026-08-03,kvvr1k9ora92ks9c,하늘색 깔끔 비오는날 할인 행사,2026-06-08,/ko/templates,,,,O,400,400,1,https://file.miricanvas.com/template_thumb/2026/06/08/15/30/kvvr1k9ora92ks9c/thumb.webp,X,목록관측,낮음,1.0
2026-08-03,kczem5yskjbmi9is,파랑 미니멀 여름방학 집중특강 안내,2026-06-08,/ko/templates,,,,O,400,400,1,https://file.miricanvas.com/template_thumb/2026/06/08/15/30/kczem5yskjbmi9is/thumb.webp,X,목록관측,낮음,1.0
2026-08-03,kezpwf7xg1znhjza,파랑 깔끔 브랜드 설문조사 보고서 안내,2026-06-04,/ko/templates,,,18,O,,,1,https://file.miricanvas.com/template_thumb/2026/06/04/19/30/kezpwf7xg1znhjza/thumb.webp,X,목록관측,낮음,1.0
2026-08-03,k8qq77xnubmfdvbu,주황 심플 플리마켓 행사,2026-06-04,/ko/templates,,,,O,400,400,1,https://file.miricanvas.com/template_thumb/2026/06/04/12/30/k8qq77xnubmfdvbu/thumb.webp,X,목록관측,낮음,1.0
2026-08-03,khhnlybgedij5k02,파랑 아기자기한 여름방학 안내 행사,2026-06-03,/ko/templates,,,15,O,,,1,https://file.miricanvas.com/template_json_thumb/2026/06/03/11/30/khhnlybgedij5k02/json_thumb.webp,X,목록관측,낮음,1.0
2026-08-03,k9qe7lepy3yc5y1u,연두 모던 여름방학 특강 홍보,2026-06-02,/ko/templates,,,,O,400,400,1,https://file.miricanvas.com/template_thumb/2026/06/02/18/30/k9qe7lepy3yc5y1u/thumb.webp,X,목록관측,낮음,1.0
2026-08-03,km58h9zmjy8t9jj9,주황 심플 보험 광고,2026-06-02,/ko/templates,,,,O,400,400,1,https://file.miricanvas.com/template_thumb/2026/06/02/18/30/km58h9zmjy8t9jj9/thumb.webp,X,목록관측,낮음,1.0
2026-08-03,kathlie6oj77dfmf,빨강 심플 타임특가 프로모션,2026-06-02,/ko/templates,,,,O,,,1,https://file.miricanvas.com/template_thumb/2026/06/02/15/30/kathlie6oj77dfmf/thumb.webp,X,목록관측,낮음,1.0
2026-08-03,k05sme5rm0ikg7ne,파랑 깔끔 결산 보고서 기획,2026-06-02,/ko/templates,,,18,O,400,225,1,https://file.miricanvas.com/template_json_thumb/2026/06/02/13/20/k05sme5rm0ikg7ne/json_thumb.webp,X,목록관측,낮음,1.0
2026-08-03,kle4j2ljx0n5zdms,연두 미니멀 전략기획 템플릿 홍보,2026-06-01,/ko/templates,,,20,O,400,225,1,https://file.miricanvas.com/template_json_thumb/2026/06/01/11/30/kle4j2ljx0n5zdms/json_thumb.webp,X,목록관측,낮음,1.0
2026-08-03,k8z9oh4zs7r8y2qa,연두 심플 여름 시즌 프로모션 홍보,2026-05-29,/ko/templates,,,19,O,400,225,1,https://file.miricanvas.com/template_json_thumb/2026/05/29/16/50/k8z9oh4zs7r8y2qa/json_thumb.webp,X,목록관측,낮음,1.0
2026-08-03,kkb0by6bqreewspi,남색 깔끔 상반기 영업 결산 보고서,2026-05-29,/ko/templates,,,18,O,400,225,1,https://file.miricanvas.com/template_json_thumb/2026/05/29/11/30/kkb0by6bqreewspi/json_thumb.webp,X,목록관측,낮음,1.0
2026-08-03,kuy6svl6abe05ra3,파랑 심플 조명 기획전 홍보,2026-05-29,/ko/templates,,,,O,400,400,1,https://file.miricanvas.com/template_json_thumb/2026/05/29/11/30/kuy6svl6abe05ra3/json_thumb.webp,X,목록관측,낮음,1.0
2026-08-03,khn4xdcv4ho0yw5z,보라 모던 경영전략 발표자료,2026-05-29,/ko/templates,,,20,O,400,225,1,https://file.miricanvas.com/template_json_thumb/2026/05/29/10/30/khn4xdcv4ho0yw5z/json_thumb.webp,X,목록관측,낮음,1.0
2026-08-03,kh42ral0rjnaf3bj,연보라 깔끔 입사자 온보딩 매뉴얼 안내,2026-05-28,/ko/templates,,,18,O,,,1,https://file.miricanvas.com/template_json_thumb/2026/05/28/11/30/kh42ral0rjnaf3bj/json_thumb.webp,X,목록관측,낮음,1.0
2026-08-03,k6gcjhuuns2c2jza,하늘색 깔끔 여름 휴가 안내,2026-05-27,/ko/templates,,,,O,281,400,1,https://file.miricanvas.com/template_json_thumb/2026/05/27/17/30/k6gcjhuuns2c2jza/json_thumb.webp,X,목록관측,낮음,1.0
2026-08-03,k8gl8vds9iwnicyz,보라 미니멀 기업교육 안내,2026-05-27,/ko/templates,,,18,O,400,225,1,https://file.miricanvas.com/template_json_thumb/2026/05/27/13/30/k8gl8vds9iwnicyz/json_thumb.webp,X,목록관측,낮음,1.0
2026-08-03,k5txnd3n06bsu7n2,파랑 깔끔 휴가 안내,2026-05-27,/ko/templates,,,,O,283,400,1,https://file.miricanvas.com/template_json_thumb/2026/05/27/10/30/k5txnd3n06bsu7n2/json_thumb.webp,X,목록관측,낮음,1.0
2026-08-03,kegfgbh0b7ru5hul,파랑 깔끔 광고소재 템플릿 홍보,2026-05-26,/ko/templates,,,,O,400,400,1,https://file.miricanvas.com/template_json_thumb/2026/05/26/17/30/kegfgbh0b7ru5hul/json_thumb.webp,X,목록관측,낮음,1.0
2026-08-03,kv5heck5oxescf0x,파랑의 모던한 디지털 마켓팅 광고,2026-05-26,/ko/templates,,,6,O,400,400,1,https://file.miricanvas.com/template_json_thumb/2026/05/26/14/30/kv5heck5oxescf0x/json_thumb.webp,X,목록관측,낮음,1.0
2026-08-03,kflfndmbp2746m5g,초록 심플 발랄 감성 결혼식 초대 청첩장,2026-05-25,/ko/templates,,,2,O,,,1,https://file.miricanvas.com/template_json_thumb/2026/05/25/17/30/kflfndmbp2746m5g/json_thumb.webp,X,목록관측,낮음,1.0
2026-08-03,kye5xw61icqbjqph,주황 심플 할인 행사 홍보,2026-05-25,/ko/templates,,,,O,283,400,1,https://file.miricanvas.com/template_json_thumb/2026/05/25/14/30/kye5xw61icqbjqph/json_thumb.webp,X,목록관측,낮음,1.0
2026-08-03,k327upem5mhzso12,파랑 모던 AI인공지능 프로모션,2026-05-25,/ko/templates,,,,O,400,400,1,https://file.miricanvas.com/template_thumb/2026/05/25/13/30/k327upem5mhzso12/thumb.webp,X,목록관측,낮음,1.0
2026-08-03,knxvhgtq9ng8hrvp,파란색 모던 마케팅 광고 홍보,2026-05-22,/ko/templates,,,7,O,,,1,https://file.miricanvas.com/template_json_thumb/2026/05/22/18/30/knxvhgtq9ng8hrvp/json_thumb.webp,X,목록관측,낮음,1.0
2026-08-03,k2x431u4ebno7c0x,파랑 모던 캠페인 성과 보고서 보고 안내,2026-05-22,/ko/templates,,,18,O,400,225,1,https://file.miricanvas.com/template_json_thumb/2026/05/22/15/50/k2x431u4ebno7c0x/json_thumb.webp,X,목록관측,낮음,1.0
2026-08-03,kffqvv2osmsun8gk,검정 모던 시장 보고서 분석,2026-05-22,/ko/templates,,,19,O,,,1,https://file.miricanvas.com/template_thumb/2026/05/22/13/00/kffqvv2osmsun8gk/thumb.webp,X,목록관측,낮음,1.0
2026-08-03,kouiziswyzcq11bu,주황 심플 사업 계획서 제안서,2026-05-22,/ko/templates,,,20,O,400,225,1,https://file.miricanvas.com/template_thumb/2026/05/22/11/50/kouiziswyzcq11bu/thumb.webp,X,목록관측,낮음,1.0
2026-08-03,ka7uh2xs8b8dhf7o,보라 심플 쿠폰 혜택 마케팅 홍보,2026-05-22,/ko/templates,,,,O,400,400,1,https://file.miricanvas.com/template_thumb/2026/05/22/11/30/ka7uh2xs8b8dhf7o/thumb.webp,X,목록관측,낮음,1.0
2026-08-03,kip8n7bna3a5afbo,파랑 심플 영업용 비교 자료 기획서,2026-05-22,/ko/templates,,,31,O,400,225,1,https://file.miricanvas.com/template_json_thumb/2026/05/22/09/40/kip8n7bna3a5afbo/json_thumb.webp,X,목록관측,낮음,1.0
2026-08-03,kwp76ssqvi7eo33z,초록 깔끔 기획서 안내,2026-05-21,/ko/templates,,,,O,,,1,https://file.miricanvas.com/template_json_thumb/2026/05/21/20/20/kwp76ssqvi7eo33z/json_thumb.webp,X,목록관측,낮음,1.0
2026-08-03,kzi5v3om6b4ikvaz,파랑 심플 여름 프로모션 안내,2026-05-21,/ko/templates,,,19,O,400,225,1,https://file.miricanvas.com/template_json_thumb/2026/05/21/18/30/kzi5v3om6b4ikvaz/json_thumb.webp,X,목록관측,낮음,1.0
2026-08-03,kmiu1iupgykcykwp,파랑 심플 상반기 영업 결산 보고서 안내,2026-05-21,/ko/templates,,,18,O,400,225,1,https://file.miricanvas.com/template_json_thumb/2026/05/21/17/30/kmiu1iupgykcykwp/json_thumb.webp,X,목록관측,낮음,1.0
2026-08-03,k6fyzpags81nornd,흑백 깔끔 신입사원 온보딩 안내,2026-05-20,/ko/templates,,,19,O,,,1,https://file.miricanvas.com/template_thumb/2026/05/20/14/40/k6fyzpags81nornd/thumb.webp,X,목록관측,낮음,1.0
2026-08-03,kmatdrrbbhxjryfm,흑백 심플 발표 안내,2026-05-20,/ko/templates,,,17,O,400,225,1,https://file.miricanvas.com/template_thumb/2026/05/20/11/30/kmatdrrbbhxjryfm/thumb.webp,X,목록관측,낮음,1.0
2026-08-03,ka44855nmt928hyn,파랑 깔끔 결산 보고서 안내,2026-05-19,/ko/templates,,,18,O,,,1,https://file.miricanvas.com/template_json_thumb/2026/05/19/16/30/ka44855nmt928hyn/json_thumb.webp,X,목록관측,낮음,1.0
2026-08-03,kxgvh6t1jjt1sbzg,연두 심플 광고소재 템플릿 홍보,2026-05-18,/ko/templates,,,7,O,400,400,1,https://file.miricanvas.com/template_json_thumb/2026/05/18/14/30/kxgvh6t1jjt1sbzg/json_thumb.webp,X,목록관측,낮음,1.0
2026-08-03,kfqtnv9knvhso3tl,하늘색 깔끔 마케팅 템플릿 홍보,2026-05-15,/ko/templates,,,7,O,400,400,1,https://file.miricanvas.com/template_json_thumb/2026/05/15/09/30/kfqtnv9knvhso3tl/json_thumb.webp,X,목록관측,낮음,1.0
2026-08-03,kj2cc9pwumzm5lwj,초록의 깔끔한 신입사원 OJT 교육자료,2026-05-14,/ko/templates,,,18,O,,,1,https://file.miricanvas.com/template_json_thumb/2026/05/14/11/30/kj2cc9pwumzm5lwj/json_thumb.webp,X,목록관측,낮음,1.0
2026-08-03,k848z3imi3nntswo,파란색 모던 마케팅 광고 홍보,2026-05-12,/ko/templates,,,7,O,400,400,1,https://file.miricanvas.com/template_json_thumb/2026/05/12/14/30/k848z3imi3nntswo/json_thumb.webp,X,목록관측,낮음,1.0
2026-08-03,k9mlkt4y20dlfh93,파랑 심플 여름 시즌 프로모션 기획,2026-05-11,/ko/templates,,,21,O,,,1,https://file.miricanvas.com/template_json_thumb/2026/05/11/10/30/k9mlkt4y20dlfh93/json_thumb.webp,X,목록관측,낮음,1.0
2026-08-03,khi3tn9dzrkpefn2,노랑 심플 여름패션 할인,2026-05-06,/ko/templates,,,,O,281,400,1,https://file.miricanvas.com/template_json_thumb/2026/05/06/10/30/khi3tn9dzrkpefn2/json_thumb.webp,X,목록관측,낮음,1.0
2026-08-03,kcmrewaebghz24aa,하늘색 깔끔 여름휴가 안내,2026-05-06,/ko/templates,,,,O,283,400,1,https://file.miricanvas.com/template_json_thumb/2026/05/06/10/30/kcmrewaebghz24aa/json_thumb.webp,X,목록관측,낮음,1.0
2026-08-03,kabjuo08km4dmbwu,파랑 심플 여름휴가 안내,2026-04-29,/ko/templates,,,,O,283,400,1,https://file.miricanvas.com/template_json_thumb/2026/04/29/09/30/kabjuo08km4dmbwu/json_thumb.webp,X,목록관측,낮음,1.0
2026-08-03,k2ov7itwbuts0faf,파랑 심플 여름휴가 휴무 안내,2026-04-28,/ko/templates,,,,O,283,400,1,https://file.miricanvas.com/template_json_thumb/2026/04/28/13/30/k2ov7itwbuts0faf/json_thumb.webp,X,목록관측,낮음,1.0
2026-08-03,kl36a0wf4oi4h6py,파랑 심플 휴가 안내,2026-04-28,/ko/templates,,,,O,283,400,1,https://file.miricanvas.com/template_json_thumb/2026/04/28/07/30/kl36a0wf4oi4h6py/json_thumb.webp,X,목록관측,낮음,1.0
2026-08-03,kstbm5m2ccb7c8gy,파랑 심플 여름 할인 행사,2026-04-24,/ko/templates,,,13,O,,,1,https://file.miricanvas.com/template_json_thumb/2026/04/24/15/40/kstbm5m2ccb7c8gy/json_thumb.webp,X,목록관측,낮음,1.0
2026-08-03,kjv67rgnitdcx3gd,파랑 심플 여름의류 할인,2026-04-22,/ko/templates,,,,O,283,400,1,https://file.miricanvas.com/template_json_thumb/2026/04/22/17/30/kjv67rgnitdcx3gd/json_thumb.webp,X,목록관측,낮음,1.0
2026-08-03,kmywf3luljafcek6,유치원 어린이집 학교 학부모 참관 수업 안내 포스터 템플릿,2026-04-22,/ko/templates,,,,O,400,400,1,https://file.miricanvas.com/template_json_thumb/2026/04/22/07/30/kmywf3luljafcek6/json_thumb.webp,X,목록관측,낮음,1.0
2026-08-03,kcht3pd49u6uchaa,파랑 심플 학교 학부모 공개수업 행사 안내,2026-04-21,/ko/templates,,,,O,800,144,1,https://file.miricanvas.com/template_thumb/2026/04/21/20/30/kcht3pd49u6uchaa/thumb.webp,X,목록관측,낮음,1.0
2026-08-03,kwik8dfwharvm98g,파랑 모던 업무환경 개선안 보고서,2026-04-17,/ko/templates,,,21,O,400,225,1,https://file.miricanvas.com/template_json_thumb/2026/04/17/17/00/kwik8dfwharvm98g/json_thumb.webp,X,목록관측,낮음,1.0
2026-08-03,kne03ef5ckbzhbhc,파랑 깔끔 산업 동향 분석 보고서,2026-04-17,/ko/templates,,,30,O,400,225,1,https://file.miricanvas.com/template_json_thumb/2026/04/17/17/00/kne03ef5ckbzhbhc/json_thumb.webp,X,목록관측,낮음,1.0
2026-08-03,krfiu5s2yxu7z2g2,흰색 깔끔 업무환경 개선안 기획서,2026-04-17,/ko/templates,,,20,O,400,225,1,https://file.miricanvas.com/template_json_thumb/2026/04/17/17/00/krfiu5s2yxu7z2g2/json_thumb.webp,X,목록관측,낮음,1.0
2026-08-03,kjaowbsuul6ejby4,초록 심플 캠페인 결과 보고서 홍보,2026-04-17,/ko/templates,,,17,O,400,225,1,https://file.miricanvas.com/template_json_thumb/2026/04/17/17/00/kjaowbsuul6ejby4/json_thumb.webp,X,목록관측,낮음,1.0
2026-08-03,ktstchl442xl90ri,초록의 심플한 프로젝트 사례 발표,2026-04-17,/ko/templates,,,30,O,400,225,1,https://file.miricanvas.com/template_json_thumb/2026/04/17/17/00/ktstchl442xl90ri/json_thumb.webp,X,목록관측,낮음,1.0
2026-08-03,k8og9i6d8u8m8m8k,검정 고급 비즈니스 기획안 안내,2026-04-17,/ko/templates,,,18,O,,,1,https://file.miricanvas.com/template_json_thumb/2026/04/17/17/00/k8og9i6d8u8m8m8k/json_thumb.webp,X,목록관측,낮음,1.0
2026-08-03,kcx61nbzb26z0sjj,파랑과 흰색의 깔끔한 그룹웨어 매뉴얼 안내,2026-04-17,/ko/templates,,,30,O,,,1,https://file.miricanvas.com/template_json_thumb/2026/04/17/17/00/kcx61nbzb26z0sjj/json_thumb.webp,X,목록관측,낮음,1.0
2026-08-03,kfuj5uc9ls30jskn,파랑 심플 포트폴리오 소개,2026-04-17,/ko/templates,,,14,O,,,1,https://file.miricanvas.com/template_json_thumb/2026/04/17/12/30/kfuj5uc9ls30jskn/json_thumb.webp,X,목록관측,낮음,1.0
2026-08-03,kjawm59lczb9vxzj,파랑 심플 여름 휴가 안내,2026-04-16,/ko/templates,,,,O,283,400,1,https://file.miricanvas.com/template_json_thumb/2026/04/16/17/30/kjawm59lczb9vxzj/json_thumb.webp,X,목록관측,낮음,1.0
2026-08-03,k4vhti4v86lufwq1,노랑 깔끔 학부모 공개수업 안내,2026-04-16,/ko/templates,,,,O,283,400,1,https://file.miricanvas.com/template_thumb/2026/04/16/13/30/k4vhti4v86lufwq1/thumb.webp,X,목록관측,낮음,1.0
2026-08-03,kog20wei1d2opf1t,노랑 심플 여름 휴가 안내,2026-04-14,/ko/templates,,,,O,283,400,1,https://file.miricanvas.com/template_json_thumb/2026/04/14/10/30/kog20wei1d2opf1t/json_thumb.webp,X,목록관측,낮음,1.0
2026-08-03,kro69x0lelnnn63q,아이보리 심플한 결혼 초대,2026-04-10,/ko/templates,,,2,O,,,1,https://file.miricanvas.com/template_thumb/2026/04/10/11/30/kro69x0lelnnn63q/thumb.webp,X,목록관측,낮음,1.0
2026-08-03,kxleg153eex5w52v,아기자기한 손그림 손글씨 흑백 심플 결혼식 초대장,2026-04-08,/ko/templates,,,4,O,283,400,1,https://file.miricanvas.com/template_thumb/2026/04/08/17/30/kxleg153eex5w52v/thumb.webp,X,목록관측,낮음,1.0
2026-08-03,kfu6rvc49ytyazwh,파랑 심플 학부모 상담 안내문 안내,2026-04-06,/ko/templates,,,,O,283,400,1,https://file.miricanvas.com/template_thumb/2026/04/06/11/30/kfu6rvc49ytyazwh/thumb.webp,X,목록관측,낮음,1.0
2026-08-03,k2g60kdbpenewd6w,파랑 심플 주방용품 광고,2026-03-31,/ko/templates,,,11,O,500,640,1,https://file.miricanvas.com/template_json_thumb/2026/03/31/18/30/k2g60kdbpenewd6w/json_thumb.webp,X,목록관측,낮음,1.0
2026-08-03,kqplfpz7sm94m104,파랑 모던 패션 할인 행사,2026-03-30,/ko/templates,,,,O,283,400,1,https://file.miricanvas.com/template_json_thumb/2026/03/30/11/30/kqplfpz7sm94m104/json_thumb.webp,X,목록관측,낮음,1.0
2026-08-03,kwpid0ldemacvx8v,주황 심플 경쟁사 비교 분석 보고,2026-03-27,/ko/templates,,,30,O,640,360,1,https://file.miricanvas.com/template_json_thumb/2026/03/27/09/30/kwpid0ldemacvx8v/json_thumb.webp,X,목록관측,낮음,1.0
2026-08-03,kxbwol6bcwxa0t0j,파랑 깔끔 학부모 총회 안내,2026-03-25,/ko/templates,,,19,O,640,360,1,https://file.miricanvas.com/template_json_thumb/2026/03/25/18/30/kxbwol6bcwxa0t0j/json_thumb.webp,X,목록관측,낮음,1.0
2026-08-03,k46a10qqlocr4c4a,분홍색 깔끔 학부모 참관 수업 안내장 안내,2026-03-20,/ko/templates,,,,O,133,400,1,https://file.miricanvas.com/template_thumb/2026/03/20/10/30/k46a10qqlocr4c4a/thumb.webp,X,목록관측,낮음,1.0
2026-08-03,ks4uqptybz5kxg2x,갈색 깔끔 학부모 참관수업 안내,2026-03-19,/ko/templates,,,,O,640,453,1,https://file.miricanvas.com/template_json_thumb/2026/03/19/11/30/ks4uqptybz5kxg2x/json_thumb.webp,X,목록관측,낮음,1.0
2026-08-03,kbe120kokueyv7un,흰색 미니멀 기획서 안내,2026-03-18,/ko/templates,,,,O,640,360,1,https://file.miricanvas.com/template_json_thumb/2026/03/18/11/30/kbe120kokueyv7un/json_thumb.webp,X,목록관측,낮음,1.0
2026-08-03,k6gkak4tmfk85vk2,주황 심플 자기소개 포트폴리오,2026-03-17,/ko/templates,,,10,O,,,1,https://file.miricanvas.com/template_thumb/2026/03/17/08/30/k6gkak4tmfk85vk2/thumb.webp,X,목록관측,낮음,1.0
2026-08-03,k0yyzogz2g66s63v,노랑 심플 학부모 총회 안내,2026-03-16,/ko/templates,,,19,O,640,360,1,https://file.miricanvas.com/template_json_thumb/2026/03/16/17/30/k0yyzogz2g66s63v/json_thumb.webp,X,목록관측,낮음,1.0
2026-08-03,k9iqylychljd7m7u,연보라 미니멀 예절 교육 안내,2026-03-12,/ko/templates,,,6,O,283,400,1,https://file.miricanvas.com/template_thumb/2026/03/12/11/50/k9iqylychljd7m7u/thumb.webp,X,목록관측,낮음,1.0
2026-08-03,k38t3itqqz6zhzd8,초록 깔끔 마케팅 이벤트 기획안,2026-03-03,/ko/templates,,,30,O,,,1,https://file.miricanvas.com/template_thumb/2026/03/03/16/30/k38t3itqqz6zhzd8/thumb.webp,X,목록관측,낮음,1.0
2026-08-03,k0fwguenmczsdu6n,민트 모던 고등학교 수학 교육 안내,2026-02-27,/ko/templates,,,20,O,400,225,1,https://file.miricanvas.com/template_thumb/2026/02/27/18/30/k0fwguenmczsdu6n/thumb.webp,X,목록관측,낮음,1.0
2026-08-03,koojxm0e13civfgl,갈색 깔끔 고등학생 진로 설명회 안내,2026-02-27,/ko/templates,,,16,O,400,225,1,https://file.miricanvas.com/template_thumb/2026/02/27/15/30/koojxm0e13civfgl/thumb.webp,X,목록관측,낮음,1.0
2026-08-03,kd3tf0fst8oh9zyx,파랑 깔끔 조직문화 개선 방안 보고서,2026-02-27,/ko/templates,,,8,O,400,225,1,https://file.miricanvas.com/template_thumb/2026/02/27/09/30/kd3tf0fst8oh9zyx/thumb.webp,X,목록관측,낮음,1.0
2026-08-03,kfxzhnxrzn7t5hf2,파랑 모던 마케팅 이벤트 기획서,2026-02-27,/ko/templates,,,30,O,400,225,1,https://file.miricanvas.com/template_thumb/2026/02/27/09/30/kfxzhnxrzn7t5hf2/thumb.webp,X,목록관측,낮음,1.0
2026-08-03,kztz9dczgbisz7ii,파랑 깔끔 대학 입시 캘린더 안내,2026-02-26,/ko/templates,,,,O,400,273,1,https://file.miricanvas.com/template_thumb/2026/02/26/15/30/kztz9dczgbisz7ii/thumb.webp,X,목록관측,낮음,1.0
2026-08-03,kdd2ovcg8l8ibf82,노랑 심플 자리배치도 안내,2026-02-26,/ko/templates,,,,O,400,283,1,https://file.miricanvas.com/template_thumb/2026/02/26/15/30/kdd2ovcg8l8ibf82/thumb.webp,X,목록관측,낮음,1.0
2026-08-03,kxr94fmhg8k0k7g9,분홍색 아기자기한 사랑해요 메시지 카드 안내,2026-02-26,/ko/templates,,,,O,400,283,1,https://file.miricanvas.com/template_thumb/2026/02/26/15/30/kxr94fmhg8k0k7g9/thumb.webp,X,목록관측,낮음,1.0
2026-08-03,kpdcusxkl5359xnc,핑크색과 흰색의 아기자기한 생일 이벤트 가랜드 교육자료,2026-02-26,/ko/templates,,,,O,,,1,https://file.miricanvas.com/template_thumb/2026/02/26/15/30/kpdcusxkl5359xnc/thumb.webp,X,목록관측,낮음,1.0
2026-08-03,k3eor99kumfpparn,파랑 레트로 학급 팀원 소개 안내,2026-02-26,/ko/templates,,,,O,,,1,https://file.miricanvas.com/template_thumb/2026/02/26/15/30/k3eor99kumfpparn/thumb.webp,X,목록관측,낮음,1.0
2026-08-03,kc58o3u7gxh291n3,보라 미니멀 우주 어린이 학습지,2026-02-26,/ko/templates,,,,O,400,283,1,https://file.miricanvas.com/template_thumb/2026/02/26/14/30/kc58o3u7gxh291n3/thumb.webp,X,목록관측,낮음,1.0
2026-08-03,kw0j652qnz7i5gm3,검정 심플 결혼 초대장,2026-02-26,/ko/templates,,,2,O,,,1,https://file.miricanvas.com/template_thumb/2026/02/26/10/30/kw0j652qnz7i5gm3/thumb.webp,X,목록관측,낮음,1.0
2026-08-03,khj3xe7is83robqb,파랑 깔끔 학부모 참관수업 안내,2026-02-26,/ko/templates,,,,O,,,1,https://file.miricanvas.com/template_thumb/2026/02/26/10/30/khj3xe7is83robqb/thumb.webp,X,목록관측,낮음,1.0
2026-08-03,kyqzbyxrqf1be4fc,파랑 심플 초등학교 이름표 만들기 안내,2026-02-26,/ko/templates,,,,O,,,1,https://file.miricanvas.com/template_thumb/2026/02/26/09/30/kyqzbyxrqf1be4fc/thumb.webp,X,목록관측,낮음,1.0
2026-08-03,k7ha6uywoxu1d9yn,베이지 깔끔 브랜드 협업 제안서 기획서,2026-02-26,/ko/templates,,,17,O,400,225,1,https://file.miricanvas.com/template_thumb/2026/02/26/09/30/k7ha6uywoxu1d9yn/thumb.webp,X,목록관측,낮음,1.0
2026-08-03,kr92v58p7ska9gzm,핑크 아기자기한 친구 찾기 빙고 게임 안내,2026-02-25,/ko/templates,,,,O,,,1,https://file.miricanvas.com/template_thumb/2026/02/25/19/30/kr92v58p7ska9gzm/thumb.webp,X,목록관측,낮음,1.0
2026-08-03,kka04f483zwoe0qy,파랑 모던 프로젝트 완료 보고서,2026-02-25,/ko/templates,,,8,O,400,225,1,https://file.miricanvas.com/template_thumb/2026/02/25/18/30/kka04f483zwoe0qy/thumb.webp,X,목록관측,낮음,1.0
2026-08-03,k6qpu209al1sm551,초록 깔끔 학급 자리 배치도 안내,2026-02-25,/ko/templates,,,,O,400,283,1,https://file.miricanvas.com/template_thumb/2026/02/25/16/30/k6qpu209al1sm551/thumb.webp,X,목록관측,낮음,1.0
2026-08-03,kiyqu75bbylrri3f,초록 깔끔 이벤트 안내,2026-02-24,/ko/templates,,,,O,283,400,1,https://file.miricanvas.com/template_thumb/2026/02/24/19/30/kiyqu75bbylrri3f/thumb.webp,X,목록관측,낮음,1.0
2026-08-03,kxfnz30zajdbz1bn,하늘색 심플 학부모 총회 안내,2026-02-24,/ko/templates,,,,O,,,1,https://file.miricanvas.com/template_thumb/2026/02/24/17/30/kxfnz30zajdbz1bn/thumb.webp,X,목록관측,낮음,1.0
2026-08-03,kzl3vl7ljt9xj7p9,파랑 모던 동종사 분석 보고서,2026-02-24,/ko/templates,,,8,O,400,225,1,https://file.miricanvas.com/template_thumb/2026/02/24/16/30/kzl3vl7ljt9xj7p9/thumb.webp,X,목록관측,낮음,1.0
2026-08-03,kx7rgl5dohd7ec9c,파랑 깔끔 신입사원 온보딩 안내,2026-02-24,/ko/templates,,,18,O,400,225,1,https://file.miricanvas.com/template_thumb/2026/02/24/12/30/kx7rgl5dohd7ec9c/thumb.webp,X,목록관측,낮음,1.0
2026-08-03,kuixxzp0xvt4ibmf,오렌지 미니멀 마케팅 이벤트 기획안 제안서,2026-02-24,/ko/templates,,,30,O,400,225,1,https://file.miricanvas.com/template_thumb/2026/02/24/11/30/kuixxzp0xvt4ibmf/thumb.webp,X,목록관측,낮음,1.0
2026-08-03,kqygogkulznyzisl,회색의 심플한 비즈니스 아이디어 기획서,2026-02-24,/ko/templates,,,30,O,400,225,1,https://file.miricanvas.com/template_thumb/2026/02/24/11/30/kqygogkulznyzisl/thumb.webp,X,목록관측,낮음,1.0
2026-08-03,ksbbto6dzyaeakfi,파랑 깔끔 입사자 안내서 안내,2026-02-20,/ko/templates,,,18,O,400,225,1,https://file.miricanvas.com/template_thumb/2026/02/20/14/30/ksbbto6dzyaeakfi/thumb.webp,X,목록관측,낮음,1.0
2026-08-03,kzdmii608iecavop,파랑 심플 동종사 분석 보고서 안내,2026-02-19,/ko/templates,,,8,O,,,1,https://file.miricanvas.com/template_thumb/2026/02/19/17/30/kzdmii608iecavop/thumb.webp,X,목록관측,낮음,1.0
2026-08-03,kquhss7s7pyyhkft,보라 심플 영업제안서 제안서,2026-02-13,/ko/templates,,,8,O,400,225,1,https://file.miricanvas.com/template_thumb/2026/02/13/15/30/kquhss7s7pyyhkft/thumb.webp,X,목록관측,낮음,1.0
2026-08-03,kbuv5ch1ea5g5pv7,파랑 깔끔 신입사원 온보딩 안내,2026-02-12,/ko/templates,,,18,O,400,225,1,https://file.miricanvas.com/template_thumb/2026/02/12/18/30/kbuv5ch1ea5g5pv7/thumb.webp,X,목록관측,낮음,1.0
2026-08-03,kfcrav7oye9ai3wn,하늘색 모던 영업 제안서,2026-01-30,/ko/templates,,,18,O,400,225,1,https://file.miricanvas.com/template_thumb/2026/01/30/18/30/kfcrav7oye9ai3wn/thumb.webp,X,목록관측,낮음,1.0
2026-08-03,kgd7alyrgqfpctex,하늘색 모던 시스템 설명,2026-01-27,/ko/templates,,,8,O,400,225,1,https://file.miricanvas.com/template_thumb/2026/01/27/11/30/kgd7alyrgqfpctex/thumb.webp,X,목록관측,낮음,1.0
2026-08-03,ktgixe8zhbbr9udn,강렬 모던 시장 분석 보고서,2026-01-26,/ko/templates,,,8,O,400,225,1,https://file.miricanvas.com/template_thumb/2026/01/26/10/30/ktgixe8zhbbr9udn/thumb.webp,X,목록관측,낮음,1.0
2026-08-03,kp7d2b1a4e3elw34,회색 심플 전략 설명서,2026-01-22,/ko/templates,,,8,O,400,225,1,https://file.miricanvas.com/template_thumb/2026/01/22/17/30/kp7d2b1a4e3elw34/thumb.webp,X,목록관측,낮음,1.0
2026-08-03,k6vltwhleqpsdgp5,오렌지 레트로 보드게임방 오픈 행사,2026-01-22,/ko/templates,,,,O,283,400,1,https://file.miricanvas.com/template_thumb/2026/01/22/10/30/k6vltwhleqpsdgp5/thumb.webp,X,목록관측,낮음,1.0
2026-08-03,klkcgwa12f1q4a4g,하늘색 모던 제안서 기획,2026-01-14,/ko/templates,,,8,O,400,225,1,https://file.miricanvas.com/template_thumb/2026/01/14/18/50/klkcgwa12f1q4a4g/thumb.webp,X,목록관측,낮음,1.0
2026-08-03,k4devvc9u2tuvyql,핑크 아기자기한 공주 발표 자료,2026-01-09,/ko/templates,,,7,O,400,225,1,https://file.miricanvas.com/template_thumb/2026/01/09/17/30/k4devvc9u2tuvyql/thumb.webp,X,목록관측,낮음,1.0
2026-08-03,ku5t5duey7tsm6h8,핑크 레트로 게임 포스터,2025-12-24,/ko/templates,,,,O,400,225,1,https://file.miricanvas.com/template_thumb/2025/12/24/20/30/ku5t5duey7tsm6h8/thumb.webp,X,목록관측,낮음,1.0
2026-08-03,k6rvcf5tl0bal3zp,네온 모던 전기차 충전소 오픈,2025-12-15,/ko/templates,,,,O,320,400,1,https://file.miricanvas.com/template_thumb/2025/12/15/09/30/k6rvcf5tl0bal3zp/thumb.webp,X,목록관측,낮음,1.0
2026-08-03,krt1x2ufmxg241qv,민트 모던 사업 보고서,2025-12-12,/ko/templates,,,19,O,400,225,1,https://file.miricanvas.com/template_thumb/2025/12/12/17/00/krt1x2ufmxg241qv/thumb.webp,X,목록관측,낮음,1.0
2026-08-03,k8t3i20kajofhi5v,베이지 레트로 보드게임 안내,2025-12-09,/ko/templates,,,,O,400,283,1,https://file.miricanvas.com/template_thumb/2025/12/09/18/30/k8t3i20kajofhi5v/thumb.webp,X,목록관측,낮음,1.0
2026-08-03,kkr8dng0ipx0mv5u,파랑 심플 비즈니스 보고서,2025-11-28,/ko/templates,,,19,O,,,1,https://file.miricanvas.com/template_thumb/2025/11/28/14/30/kkr8dng0ipx0mv5u/thumb.webp,X,목록관측,낮음,1.0
2026-08-03,kv1d1ewn0au0wxne,레트로 게임 워크샵 안내,2025-11-27,/ko/templates,,,,O,,,1,https://file.miricanvas.com/template_thumb/2025/11/27/11/30/kv1d1ewn0au0wxne/thumb.webp,X,목록관측,낮음,1.0
2026-08-03,k097ns99bhke5kyv,파랑 모던 비즈니스 제안서,2025-11-24,/ko/templates,,,8,O,400,225,1,https://file.miricanvas.com/template_thumb/2025/11/24/17/30/k097ns99bhke5kyv/thumb.webp,X,목록관측,낮음,1.0
2026-08-03,ks0lud5a23e8llpv,노란색의 전통적인 한가위 인사말,2025-11-24,social_media_square,추석,28,,O,400,400,1,https://file.miricanvas.com/template_thumb/2025/11/24/07/30/ks0lud5a23e8llpv/thumb.webp,X,노출관측,중간,1.0
2026-08-03,k65p0d2x5x6mdlz6,파랑 모던 보고서 설명,2025-11-21,/ko/templates,,,19,O,,,1,https://file.miricanvas.com/template_thumb/2025/11/21/10/30/k65p0d2x5x6mdlz6/thumb.webp,X,목록관측,낮음,1.0
2026-08-03,k6pczwfmgibwp60j,파랑 심플 비즈니스 전략 제안서,2025-11-20,/ko/templates,,,19,O,400,225,1,https://file.miricanvas.com/template_thumb/2025/11/20/14/30/k6pczwfmgibwp60j/thumb.webp,X,목록관측,낮음,1.0
2026-08-03,ktsn90bdqzcvsu8a,아이보리 아기자기한 어린이 편지지,2025-11-18,/ko/templates,,,11,O,,,1,https://file.miricanvas.com/template_thumb/2025/11/18/10/30/ktsn90bdqzcvsu8a/thumb.webp,X,목록관측,낮음,1.0
2026-08-03,kqer7bufnopn1oi9,파랑 모던 기획 제안서,2025-11-10,/ko/templates,,,8,O,400,225,1,https://file.miricanvas.com/template_thumb/2025/11/10/14/30/kqer7bufnopn1oi9/thumb.webp,X,목록관측,낮음,1.0
2026-08-03,k8hcc7vum0ewqzfi,핑크와 흰색의 감성적인 로즈데이 게시글,2025-11-09,/ko/templates,,,,O,400,400,1,https://file.miricanvas.com/template_thumb/2025/11/09/19/40/k8hcc7vum0ewqzfi/thumb.webp,X,목록관측,낮음,1.0
2026-08-03,kmxj4bu1p8cc5oqn,베이지 전통 추석 행사,2025-11-08,active_post_card_106_156,추석,27,,O,272,400,1,https://file.miricanvas.com/template_thumb/2025/11/08/05/40/kmxj4bu1p8cc5oqn/thumb.webp,X,노출관측,중간,1.0
2026-08-03,krezi24kqk3ywigk,베이지 한국 전통 명절 추석 소개,2025-11-05,presentation,추석,9,10,O,640,360,1,https://file.miricanvas.com/template_thumb/2025/11/05/10/30/krezi24kqk3ywigk/thumb.webp,O,노출기반후보,중간,1.0
2026-08-03,kjpuyhqq0kuatb11,하늘색과 민트색의 트로피칼한 여름 패션 홍보,2025-11-05,/ko/templates,,,5,O,313,400,1,https://file.miricanvas.com/template_thumb/2025/11/05/00/30/kjpuyhqq0kuatb11/thumb.webp,X,목록관측,낮음,1.0
2026-08-03,ko1xctq3xeruwmtq,아이보리의 모던한 브랜드 피드 홍보,2025-11-04,/ko/templates,,,6,O,400,400,1,https://file.miricanvas.com/template_thumb/2025/11/04/23/40/ko1xctq3xeruwmtq/thumb.webp,X,목록관측,낮음,1.0
2026-08-03,kq4bfyslkomo2qiz,파랑 팝 이벤트 프로모션,2025-11-03,/ko/templates,,,6,O,313,400,1,https://file.miricanvas.com/template_thumb/2025/11/03/22/20/kq4bfyslkomo2qiz/thumb.webp,X,목록관측,낮음,1.0
2026-08-03,k7jqf3rh53e3rkj7,하늘색의 심플한 노트 프레임 포트폴리오,2025-11-03,/ko/templates,,,9,O,400,225,1,https://file.miricanvas.com/template_thumb/2025/11/03/11/10/k7jqf3rh53e3rkj7/thumb.webp,X,목록관측,낮음,1.0
2026-08-03,k7dsez8iespm1vvy,베이지 모던 스킨케어 광고,2025-11-02,/ko/templates,,,8,O,400,400,1,https://file.miricanvas.com/template_thumb/2025/11/02/07/10/k7dsez8iespm1vvy/thumb.webp,X,목록관측,낮음,1.0
2026-08-03,ka8nvl8nksa8lsno,회색 깔끔 미디어 보고서,2025-10-29,/ko/templates,,,8,O,400,225,1,https://file.miricanvas.com/template_thumb/2025/10/29/13/30/ka8nvl8nksa8lsno/thumb.webp,X,목록관측,낮음,1.0
2026-08-03,ktkgzufqlkmwtmbg,하늘색 깔끔 운항 안내서 안내,2025-10-20,/ko/templates,,,8,O,,,1,https://file.miricanvas.com/template_thumb/2025/10/20/20/30/ktkgzufqlkmwtmbg/thumb.webp,X,목록관측,낮음,1.0
2026-08-03,kr3hwevgxgrukswe,하늘색 깔끔 프로젝트 제안서,2025-10-15,/ko/templates,,,8,O,400,225,1,https://file.miricanvas.com/template_thumb/2025/10/15/11/30/kr3hwevgxgrukswe/thumb.webp,X,목록관측,낮음,1.0
2026-08-03,kaq4p52us7cn42sv,남색의 아기자기한 한가위 축제,2025-10-14,social_media_square,추석,29,,O,400,400,1,https://file.miricanvas.com/template_thumb/2025/10/14/13/30/kaq4p52us7cn42sv/thumb.webp,X,노출관측,중간,1.0
2026-08-03,kwlx4isu2rj17hv6,베이지 모던 인테리어 리뷰,2025-09-30,/ko/templates,,,,O,,,1,https://file.miricanvas.com/template_thumb/2025/09/30/20/30/kwlx4isu2rj17hv6/thumb.webp,X,목록관측,낮음,1.0
2026-08-03,koxdqijlhr9zjtl5,파랑 심플 해운 보고서,2025-09-25,/ko/templates,,,10,O,,,1,https://file.miricanvas.com/template_thumb/2025/09/25/19/30/koxdqijlhr9zjtl5/thumb.webp,X,목록관측,낮음,1.0
2026-08-03,kzuagbs5hc2vacxx,베이지 전통 추석 공지,2025-09-17,card_news,추석,14,6,O,400,400,1,https://file.miricanvas.com/template_thumb/2025/09/17/13/30/kzuagbs5hc2vacxx/thumb.webp,O,노출기반후보,중간,1.0
2026-08-03,kphax5jd81f99cen,깔끔하고 심플한 초록색 라인 포트폴리오,2025-09-16,/ko/templates,,,10,O,400,225,1,https://file.miricanvas.com/template_thumb/2025/09/16/17/30/kphax5jd81f99cen/thumb.webp,X,목록관측,낮음,1.0
2026-08-03,kwqch49290eexu4v,남색바탕의 전통 느낌나는 추석인사 카드,2025-09-16,web_post_square,추석,20,,O,400,400,1,https://file.miricanvas.com/template_thumb/2025/09/16/16/30/kwqch49290eexu4v/thumb.webp,O,노출기반후보,중간,1.0
2026-08-03,kjt5c8wmmsa2rmd8,달맞이 토끼들의 한가위 인사,2025-09-15,social_media_square,추석,8,,O,400,400,1,https://file.miricanvas.com/template_thumb/2025/09/15/07/30/kjt5c8wmmsa2rmd8/thumb.webp,O,노출기반후보,중간,1.0
2026-08-03,kx5i8tcr6916sl0r,베이지 브라운 전통 추석 인사,2025-09-10,poster_ver_print,추석,10,,O,283,400,1,https://file.miricanvas.com/template_thumb/2025/09/10/12/30/kx5i8tcr6916sl0r/thumb.webp,O,노출기반후보,중간,1.0
2026-08-03,kw1lrm8l8nbpsodd,베이지 브라운 전통 추석 휴무 안내,2025-09-10,web_flyer_single,추석,16,,O,283,400,1,https://file.miricanvas.com/template_thumb/2025/09/10/12/30/kw1lrm8l8nbpsodd/thumb.webp,O,노출기반후보,중간,1.0
2026-08-03,kuzgbe149tuzvr71,베이지 갈색 전통 명절 추석 인사,2025-09-10,poster_ver_print,추석,40,,O,283,400,1,https://file.miricanvas.com/template_thumb/2025/09/10/12/30/kuzgbe149tuzvr71/thumb.webp,X,노출관측,중간,1.0
2026-08-03,kgrmfnz5dedk6uep,네이비 귀여운 토끼 한가위 인사,2025-09-09,social_media_square,추석,6,,O,400,400,1,https://file.miricanvas.com/template_thumb/2025/09/09/10/30/kgrmfnz5dedk6uep/thumb.webp,O,노출기반후보,중간,1.0
2026-08-03,k5fm0kpkm0wma7i8,베이지 갈색 전통 명절 가족 추석인사,2025-09-04,poster_ver_print,추석,37,,O,283,400,1,https://file.miricanvas.com/template_thumb/2025/09/04/11/30/k5fm0kpkm0wma7i8/thumb.webp,X,노출관측,중간,1.0
2026-08-03,keiv3jai6yp5zoef,매출 2천억 성공공식이 담긴 브랜드 전략 기획서,2025-09-02,/ko/templates,,,12,O,,,1,https://file.miricanvas.com/template_thumb/2025/09/02/11/20/keiv3jai6yp5zoef/thumb.webp,X,목록관측,낮음,1.0
2026-08-03,k38mybh05qiz4enr,베이지 전통 선물세트 광고,2025-09-01,sticker_vertical_rect,추석,59,,O,250,400,1,https://file.miricanvas.com/template_thumb/2025/09/01/07/30/k38mybh05qiz4enr/thumb.webp,X,노출관측,중간,1.0
2026-08-03,kto7glc7it7i9v74,검정 미니멀 비즈니스 제안서,2025-08-29,/ko/templates,,,13,O,400,225,1,https://file.miricanvas.com/template_thumb/2025/08/29/16/30/kto7glc7it7i9v74/thumb.webp,X,목록관측,낮음,1.0
2026-08-03,konetmdj3s1q0fbp,베이지 전통 추석 안내,2025-08-26,poster_ver_print,추석,17,,O,283,400,1,https://file.miricanvas.com/template_thumb/2025/08/26/13/30/konetmdj3s1q0fbp/thumb.webp,O,노출기반후보,중간,1.0
2026-08-03,k0k75c1n0wpfxava,하늘색 미니멀 스타트업 안내 IR,2025-08-26,/ko/templates,,,13,O,,,1,https://file.miricanvas.com/template_thumb/2025/08/26/09/30/k0k75c1n0wpfxava/thumb.webp,X,목록관측,낮음,1.0
2026-08-03,khu5z250ps6uwpdc,파랑 모던 비즈니스 투자 IR,2025-08-26,/ko/templates,,,13,O,400,225,1,https://file.miricanvas.com/template_thumb/2025/08/26/08/30/khu5z250ps6uwpdc/thumb.webp,X,목록관측,낮음,1.0
2026-08-03,ktylnn02bqe51neq,하늘색 전통 추석 안내,2025-08-25,poster_ver_print,추석,46,,O,1123,1587,1,https://file.miricanvas.com/template_thumb/2025/08/25/19/30/ktylnn02bqe51neq/thumb.webp,X,노출관측,중간,1.0
2026-08-03,k8abyub99usi82dq,파랑 미니멀 투자 설명서 IR,2025-08-25,/ko/templates,,,13,O,,,1,https://file.miricanvas.com/template_thumb/2025/08/25/11/30/k8abyub99usi82dq/thumb.webp,X,목록관측,낮음,1.0
2026-08-03,k7jucn765965ok4z,베이지 전통 가을 기념,2025-08-23,active_post_card_106_156,추석,60,,O,272,400,1,https://file.miricanvas.com/template_thumb/2025/08/23/00/50/k7jucn765965ok4z/thumb.webp,X,노출관측,중간,1.0
2026-08-03,kt2smz51m13l8sxt,아이보리 전통 한가위 행사,2025-08-21,active_post_card_106_156,추석,38,,O,272,400,1,https://file.miricanvas.com/template_thumb/2025/08/21/15/50/kt2smz51m13l8sxt/thumb.webp,X,노출관측,중간,1.0
2026-08-03,k1cz5co423uf2zq0,주황 모던 가구 제품 소개 IR,2025-08-21,/ko/templates,,,15,O,400,225,1,https://file.miricanvas.com/template_thumb/2025/08/21/09/30/k1cz5co423uf2zq0/thumb.webp,X,목록관측,낮음,1.0
2026-08-03,k9ffuji0w5iaxup4,네온 모던 투자 설명 IR 덱,2025-08-20,/ko/templates,,,13,O,400,225,1,https://file.miricanvas.com/template_thumb/2025/08/20/19/30/k9ffuji0w5iaxup4/thumb.webp,X,목록관측,낮음,1.0
2026-08-03,kwg4s82g37stehtf,베이지 전통 추석 선물세트 행사,2025-08-19,placard_poster_ver,추석,52,,O,1123,1587,1,https://file.miricanvas.com/template_thumb/2025/08/19/07/30/kwg4s82g37stehtf/thumb.webp,X,노출관측,중간,1.0
2026-08-03,k4ors8fikc7499ae,검정 모던 투자 보고서 분석 IR,2025-08-14,/ko/templates,,,13,O,,,1,https://file.miricanvas.com/template_thumb/2025/08/14/09/30/k4ors8fikc7499ae/thumb.webp,X,목록관측,낮음,1.0
2026-08-03,km7u28gqab5z5j7b,남색 모던 비즈니스 투자 IR,2025-08-12,/ko/templates,,,13,O,400,225,1,https://file.miricanvas.com/template_thumb/2025/08/12/01/00/km7u28gqab5z5j7b/thumb.webp,X,목록관측,낮음,1.0
2026-08-03,kqxym980vc9yjrtd,노랑 전통 추석 인사말,2025-08-11,web_post_ver_poster,추석,18,,O,283,400,1,https://file.miricanvas.com/template_thumb/2025/08/11/20/30/kqxym980vc9yjrtd/thumb.webp,O,노출기반후보,중간,1.0
2026-08-03,krietn6i5dx9vcu3,검정 심플 배송일정 안내,2025-08-11,/ko/templates,,,,O,320,400,1,https://file.miricanvas.com/template_thumb/2025/08/11/14/30/krietn6i5dx9vcu3/thumb.webp,X,목록관측,낮음,1.0
2026-08-03,kmj0hzottz0lfrzh,회색 기본 배송일정 안내,2025-08-11,/ko/templates,,,,O,400,400,1,https://file.miricanvas.com/template_thumb/2025/08/11/14/30/kmj0hzottz0lfrzh/thumb.webp,X,목록관측,낮음,1.0
2026-08-03,khflj4925lnkrjx1,파랑 모던 투자 설명 IR,2025-08-08,/ko/templates,,,13,O,400,225,1,https://file.miricanvas.com/template_thumb/2025/08/08/18/30/khflj4925lnkrjx1/thumb.webp,X,목록관측,낮음,1.0
2026-08-03,kv0q3tricjgdzm6p,하늘색 미니멀 IR,2025-08-07,/ko/templates,,,,O,,,1,https://file.miricanvas.com/template_thumb/2025/08/07/14/30/kv0q3tricjgdzm6p/thumb.webp,X,목록관측,낮음,1.0
2026-08-03,ksvggve4ls5xtjuc,베이지 전통 추석 축제,2025-08-05,web_post_ver_poster,추석,47,,O,283,400,1,https://file.miricanvas.com/template_thumb/2025/08/05/11/30/ksvggve4ls5xtjuc/thumb.webp,X,노출관측,중간,1.0
2026-08-03,k1iyqnvh04n03lzr,주황 심플 배송일정 공지,2025-08-05,/ko/templates,,,,O,320,400,1,https://file.miricanvas.com/template_thumb/2025/08/05/10/30/k1iyqnvh04n03lzr/thumb.webp,X,목록관측,낮음,1.0
2026-08-03,kulcimvh5vk9kemx,하늘색 심플 택배 안내,2025-08-05,/ko/templates,,,,O,,,1,https://file.miricanvas.com/template_thumb/2025/08/05/10/30/kulcimvh5vk9kemx/thumb.webp,X,목록관측,낮음,1.0
2026-08-03,k1x13envs0a3ttb7,베이지 전통 추석 축제,2025-08-04,social_media_square,추석,7,,O,400,400,1,https://file.miricanvas.com/template_thumb/2025/08/04/07/30/k1x13envs0a3ttb7/thumb.webp,O,노출기반후보,중간,1.0
2026-08-03,kox0u9k61j2k0jb8,흑백 클래식 결혼 초대장,2025-07-28,/ko/templates,,,2,O,,,1,https://file.miricanvas.com/template_thumb/2025/07/28/18/30/kox0u9k61j2k0jb8/thumb.webp,X,목록관측,낮음,1.0
2026-08-03,k38310icj4z4eega,한가위 추석 선물대전,2025-07-24,web_post_ver_poster,추석,36,,O,283,400,1,https://file.miricanvas.com/template_thumb/2025/07/24/18/30/k38310icj4z4eega/thumb.webp,X,노출관측,중간,1.0
2026-08-03,kg5klf9w5rf427xj,노란색과 갈색의 귀여운 강아지 박람회,2025-07-15,/ko/templates,,,,O,400,400,1,https://file.miricanvas.com/template_thumb/2025/07/15/17/00/kg5klf9w5rf427xj/thumb.webp,X,목록관측,낮음,1.0
2026-08-03,k2wlochwe5gfsayj,베이지 고급 향기 제품 홍보,2025-07-11,/ko/templates,,,10,O,313,400,1,https://file.miricanvas.com/template_thumb/2025/07/11/17/00/k2wlochwe5gfsayj/thumb.webp,X,목록관측,낮음,1.0
2026-08-03,kheux6ufulr1d44a,파랑과 흰색의 심플한 여름 패션 광고,2025-07-11,/ko/templates,,,,O,400,400,1,https://file.miricanvas.com/template_thumb/2025/07/11/09/30/kheux6ufulr1d44a/thumb.webp,X,목록관측,낮음,1.0
2026-08-03,ky5iuv2z8d5i71hf,초록과 연두의 자연의 건강한 농산물 감자 판매 홍보,2025-07-10,/ko/templates,,,11,O,313,400,1,https://file.miricanvas.com/template_thumb/2025/07/10/11/40/ky5iuv2z8d5i71hf/thumb.webp,X,목록관측,낮음,1.0
2026-08-03,kxrmbkxyw5bjoxmw,베이지 초록색의 일러스트 컨셉의 책 출간 기념 북토크,2025-07-09,/ko/templates,,,6,O,400,400,1,https://file.miricanvas.com/template_thumb/2025/07/09/14/40/kxrmbkxyw5bjoxmw/thumb.webp,X,목록관측,낮음,1.0
2026-08-03,ktkwa2hl9qxzo4bd,노랑색의 심플한 비즈니스 보고서,2025-07-09,/ko/templates,,,30,O,,,1,https://file.miricanvas.com/template_thumb/2025/07/09/10/50/ktkwa2hl9qxzo4bd/thumb.webp,X,목록관측,낮음,1.0
2026-08-03,kdtyuzv2zcry5k75,빨강과 흰색의 단순한 여름 음식 여행 게시글,2025-06-30,/ko/templates,,,,O,320,400,1,https://file.miricanvas.com/template_thumb/2025/06/30/10/20/kdtyuzv2zcry5k75/thumb.webp,X,목록관측,낮음,1.0
2026-08-03,kqgd33wjr3qctbf5,파랑 아기자기한 방학 게임 안내,2025-06-27,/ko/templates,,,,O,283,400,1,https://file.miricanvas.com/template_thumb/2025/06/27/09/30/kqgd33wjr3qctbf5/thumb.webp,X,목록관측,낮음,1.0
2026-08-03,kajc00d7xddhwlb4,노랑의 심플한 자동차 업종 제안서,2025-06-20,/ko/templates,,,8,O,400,225,1,https://file.miricanvas.com/template_thumb/2025/06/20/13/30/kajc00d7xddhwlb4/thumb.webp,X,목록관측,낮음,1.0
2026-08-03,kp0zuecnyyw5a8aq,노랑과 검정의 강조된 24시간 바이크 긴급 출동 서비스 광고,2025-06-19,/ko/templates,,,,O,283,400,1,https://file.miricanvas.com/template_thumb/2025/06/19/07/30/kp0zuecnyyw5a8aq/thumb.webp,X,목록관측,낮음,1.0
2026-08-03,k7ntk86itkkgiyzr,흰색 모던 기술 광고,2025-06-16,/ko/templates,,,8,O,,,1,https://file.miricanvas.com/template_thumb/2025/06/16/22/20/k7ntk86itkkgiyzr/thumb.webp,X,목록관측,낮음,1.0
2026-08-03,kv4njcm5owm8yupf,검정 고급 차량 광고,2025-06-16,/ko/templates,,,,O,400,400,1,https://file.miricanvas.com/template_thumb/2025/06/16/07/30/kv4njcm5owm8yupf/thumb.webp,X,목록관측,낮음,1.0
2026-08-03,kmy032t9lk029u4p,검정 깔끔 장례식 안내,2025-06-16,/ko/templates,,,,O,400,283,1,https://file.miricanvas.com/template_thumb/2025/06/16/07/30/kmy032t9lk029u4p/thumb.webp,X,목록관측,낮음,1.0
2026-08-03,kjvmprpfnrayrvn7,연두 깔끔 응급환자 안내,2025-06-13,/ko/templates,,,,O,283,400,1,https://file.miricanvas.com/template_thumb/2025/06/13/16/40/kjvmprpfnrayrvn7/thumb.webp,X,목록관측,낮음,1.0
2026-08-03,ktzmzlei455yfuey,회색 모던 차량 서비스 안내,2025-06-13,/ko/templates,,,,O,283,400,1,https://file.miricanvas.com/template_thumb/2025/06/13/15/30/ktzmzlei455yfuey/thumb.webp,X,목록관측,낮음,1.0
2026-08-03,k0omr9vr90e6lczm,검정 고급 장례식 안내,2025-06-13,/ko/templates,,,,O,283,400,1,https://file.miricanvas.com/template_thumb/2025/06/13/15/30/k0omr9vr90e6lczm/thumb.webp,X,목록관측,낮음,1.0
2026-08-03,kou1577bqnfdvtr7,검정 미니멀 포트폴리오 포트폴리오,2025-06-13,/ko/templates,,,14,O,,,1,https://file.miricanvas.com/template_thumb/2025/06/13/09/50/kou1577bqnfdvtr7/thumb.webp,X,목록관측,낮음,1.0
2026-08-03,k1i2u7no4m6rv3l9,노랑 모던 한국 관광 홍보,2025-06-13,/ko/templates,,,,O,283,400,1,https://file.miricanvas.com/template_thumb/2025/06/13/09/30/k1i2u7no4m6rv3l9/thumb.webp,X,목록관측,낮음,1.0
2026-08-03,kbz1xjgavkrtoulb,검정 심플 장례식 안내,2025-06-12,/ko/templates,,,11,O,300,400,1,https://file.miricanvas.com/template_thumb/2025/06/12/10/30/kbz1xjgavkrtoulb/thumb.webp,X,목록관측,낮음,1.0
2026-08-03,knh1fud2af97q9fq,주황 모던 여행 광고,2025-06-10,/ko/templates,,,,O,320,400,1,https://file.miricanvas.com/template_thumb/2025/06/10/10/30/knh1fud2af97q9fq/thumb.webp,X,목록관측,낮음,1.0
2026-08-03,kk15gyav9av8gzme,아이보리의 심플한 테이블웨어 브랜드 마케팅 홍보,2025-06-05,/ko/templates,,,6,O,320,400,1,https://file.miricanvas.com/template_thumb/2025/06/05/17/20/kk15gyav9av8gzme/thumb.webp,X,목록관측,낮음,1.0
2026-08-03,k7u2h71mpg7jqumn,하늘색 아기자기한 DIY 교육 자료,2025-06-05,/ko/templates,,,,O,,,1,https://file.miricanvas.com/template_thumb/2025/06/05/14/30/k7u2h71mpg7jqumn/thumb.webp,X,목록관측,낮음,1.0
2026-08-03,k7iafwcn3k3dzpjz,보라 레트로 퀴즈 게임 광고,2025-06-04,/ko/templates,,,,O,400,225,1,https://file.miricanvas.com/template_thumb/2025/06/04/17/30/k7iafwcn3k3dzpjz/thumb.webp,X,목록관측,낮음,1.0
2026-08-03,kqklovovmbl02s3s,하늘색 레트로 게임 퀴즈,2025-06-04,/ko/templates,,,,O,,,1,https://file.miricanvas.com/template_thumb/2025/06/04/17/10/kqklovovmbl02s3s/thumb.webp,X,목록관측,낮음,1.0
2026-08-03,ks7khgpehxd3wice,하늘색 깔끔 응급 서비스 홍보,2025-06-04,/ko/templates,,,,O,283,400,1,https://file.miricanvas.com/template_thumb/2025/06/04/10/30/ks7khgpehxd3wice/thumb.webp,X,목록관측,낮음,1.0
2026-08-03,kev6a0a6ytoqlegq,빨강과 검정의 판타지적인 방탈출 게임 홍보,2025-06-02,/ko/templates,,,,O,320,400,1,https://file.miricanvas.com/template_thumb/2025/06/02/09/20/kev6a0a6ytoqlegq/thumb.webp,X,목록관측,낮음,1.0
2026-08-03,k6qn826oqpfw76vo,회색과 흰색의 미니멀한 여름 감성 문구 게시글,2025-05-30,/ko/templates,,,,O,320,400,1,https://file.miricanvas.com/template_thumb/2025/05/30/15/50/k6qn826oqpfw76vo/thumb.webp,X,목록관측,낮음,1.0
2026-08-03,kiy28m9pec0bnvfm,검정과 흰색의 단순한 여름 축제 홍보,2025-05-30,/ko/templates,,,,O,320,400,1,https://file.miricanvas.com/template_thumb/2025/05/30/15/30/kiy28m9pec0bnvfm/thumb.webp,X,목록관측,낮음,1.0
2026-08-03,k2brx2nv22afpv3n,파랑 심플 보고서 분석,2025-05-29,/ko/templates,,,,O,,,1,https://file.miricanvas.com/template_thumb/2025/05/29/17/40/k2brx2nv22afpv3n/thumb.webp,X,목록관측,낮음,1.0
2026-08-03,kjnxu7626iywa3bo,오렌지 아기자기한 종이접기 교육 자료,2025-05-29,/ko/templates,,,,O,,,1,https://file.miricanvas.com/template_thumb/2025/05/29/09/50/kjnxu7626iywa3bo/thumb.webp,X,목록관측,낮음,1.0
2026-08-03,khj0pk3s8p17bo8l,노랑 아기자기한 미술 활동 교육 자료,2025-05-28,/ko/templates,,,,O,400,283,1,https://file.miricanvas.com/template_thumb/2025/05/28/10/30/khj0pk3s8p17bo8l/thumb.webp,X,목록관측,낮음,1.0
2026-08-03,keiwrng9kky3zyp2,핑크 아기자기한 생일 다꾸,2025-05-28,/ko/templates,,,,O,,,1,https://file.miricanvas.com/template_thumb/2025/05/28/09/30/keiwrng9kky3zyp2/thumb.webp,X,목록관측,낮음,1.0
2026-08-03,koiixk3x45cak7oc,핑크 아기자기한 만들기 교육 자료,2025-05-27,/ko/templates,,,,O,400,283,1,https://file.miricanvas.com/template_thumb/2025/05/27/15/30/koiixk3x45cak7oc/thumb.webp,X,목록관측,낮음,1.0
2026-08-03,kfca6vpg5lzvelum,보라 아기자기한 만들기 교육 자료,2025-05-27,/ko/templates,,,,O,400,283,1,https://file.miricanvas.com/template_thumb/2025/05/27/11/30/kfca6vpg5lzvelum/thumb.webp,X,목록관측,낮음,1.0
2026-08-03,ksafpcy2cwg8187b,핑크 아기자기한 DIY 만들기 안내,2025-05-27,/ko/templates,,,,O,400,283,1,https://file.miricanvas.com/template_thumb/2025/05/27/11/30/ksafpcy2cwg8187b/thumb.webp,X,목록관측,낮음,1.0
2026-08-03,k7rcltw4pldztbfr,핑크 아기자기한 생일 기념,2025-05-26,/ko/templates,,,,O,400,283,1,https://file.miricanvas.com/template_thumb/2025/05/26/10/30/k7rcltw4pldztbfr/thumb.webp,X,목록관측,낮음,1.0
2026-08-03,kgiyt5wo85t8w23z,핑크 아기자기한 생일 굿즈,2025-05-26,/ko/templates,,,,O,400,283,1,https://file.miricanvas.com/template_thumb/2025/05/26/10/30/kgiyt5wo85t8w23z/thumb.webp,X,목록관측,낮음,1.0
2026-08-03,k2ce7yolrocctgfd,연두 아기자기한 친구 메시지 메모지,2025-05-26,/ko/templates,,,,O,400,283,1,https://file.miricanvas.com/template_thumb/2025/05/26/10/30/k2ce7yolrocctgfd/thumb.webp,X,목록관측,낮음,1.0
2026-08-03,kvmhw8sv9jzumwgv,흑백 미니멀 포트폴리오 정보 전달,2025-05-23,/ko/templates,,,14,O,400,225,1,https://file.miricanvas.com/template_thumb/2025/05/23/10/30/kvmhw8sv9jzumwgv/thumb.webp,X,목록관측,낮음,1.0
2026-08-03,k006jhi04ywg8dmf,회색 모던 포트폴리오 문구,2025-05-23,/ko/templates,,,14,O,400,225,1,https://file.miricanvas.com/template_thumb/2025/05/23/10/30/k006jhi04ywg8dmf/thumb.webp,X,목록관측,낮음,1.0
2026-08-03,k79ul0rdegu62khh,하늘색 모던 포트폴리오 정보 전달,2025-05-23,/ko/templates,,,14,O,,,1,https://file.miricanvas.com/template_thumb/2025/05/23/10/20/k79ul0rdegu62khh/thumb.webp,X,목록관측,낮음,1.0
2026-08-03,kcwkx0znw0zju2vh,베이지 미니멀 포트폴리오 정보 전달,2025-05-23,/ko/templates,,,14,O,,,1,https://file.miricanvas.com/template_thumb/2025/05/23/09/30/kcwkx0znw0zju2vh/thumb.webp,X,목록관측,낮음,1.0
2026-08-03,kc6rn4i1qkl4d2dn,민트색의 미니멀한 마케터 포트폴리오,2025-05-22,/ko/templates,,,14,O,,,1,https://file.miricanvas.com/template_thumb/2025/05/22/17/30/kc6rn4i1qkl4d2dn/thumb.webp,X,목록관측,낮음,1.0
2026-08-03,kx9gbga6qubt16pj,회색의 심플한 디자이너 포트폴리오,2025-05-22,/ko/templates,,,13,O,400,225,1,https://file.miricanvas.com/template_thumb/2025/05/22/17/30/kx9gbga6qubt16pj/thumb.webp,X,목록관측,낮음,1.0
2026-08-03,klll94sx5h18ee73,연두색의 깔끔한 디자이너 포트폴리오,2025-05-22,/ko/templates,,,13,O,400,225,1,https://file.miricanvas.com/template_thumb/2025/05/22/17/30/klll94sx5h18ee73/thumb.webp,X,목록관측,낮음,1.0
2026-08-03,k8enmwbfft0xpm8h,회색의 심플한 마케터 포트폴리오,2025-05-22,/ko/templates,,,12,O,400,225,1,https://file.miricanvas.com/template_thumb/2025/05/22/17/30/k8enmwbfft0xpm8h/thumb.webp,X,목록관측,낮음,1.0
2026-08-03,km37lotpke89ubse,초록 깔끔 포트폴리오 명함,2025-05-22,/ko/templates,,,14,O,400,225,1,https://file.miricanvas.com/template_thumb/2025/05/22/13/30/km37lotpke89ubse/thumb.webp,X,목록관측,낮음,1.0
2026-08-03,khay0zsmyy6cfj0s,하늘색의 단순한 휴가 정보,2025-04-30,/ko/templates,,,,O,320,400,1,https://file.miricanvas.com/template_thumb/2025/04/30/17/20/khay0zsmyy6cfj0s/thumb.webp,X,목록관측,낮음,1.0
2026-08-03,ke6pon7bqyan0ma7,하늘색과 파랑의 심플한 여름휴가 안내 팝업,2025-04-30,/ko/templates,,,,O,320,400,1,https://file.miricanvas.com/template_thumb/2025/04/30/10/30/ke6pon7bqyan0ma7/thumb.webp,X,목록관측,낮음,1.0
2026-08-03,kdlaxk7198ar0fge,하늘색의 심플한 소셜미디어 운영 현황 보고서,2025-04-28,/ko/templates,,,11,O,400,225,1,https://file.miricanvas.com/template_thumb/2025/04/28/17/30/kdlaxk7198ar0fge/thumb.webp,X,목록관측,낮음,1.0
2026-08-03,kmtw5kuhei0j9mvd,하늘색 깔끔 보고 분석,2025-04-24,/ko/templates,,,8,O,,,1,https://file.miricanvas.com/template_thumb/2025/04/24/17/30/kmtw5kuhei0j9mvd/thumb.webp,X,목록관측,낮음,1.0
2026-08-03,ksidcvr3wy2hvfmh,파랑 모던 성과 보고서 분석,2025-04-24,/ko/templates,,,5,O,400,225,1,https://file.miricanvas.com/template_thumb/2025/04/24/11/30/ksidcvr3wy2hvfmh/thumb.webp,X,목록관측,낮음,1.0
2026-08-03,kgln6sgdokktqd9i,검정 깔끔 그래픽 포트폴리오,2025-04-22,/ko/templates,,,7,O,400,225,1,https://file.miricanvas.com/template_thumb/2025/04/22/17/10/kgln6sgdokktqd9i/thumb.webp,X,목록관측,낮음,1.0
2026-08-03,kpe860075f1jjoq4,연보라 팝 할인 행사,2025-04-15,/ko/templates,,,8,O,313,400,1,https://file.miricanvas.com/template_thumb/2025/04/15/15/20/kpe860075f1jjoq4/thumb.webp,X,목록관측,낮음,1.0
2026-08-03,kmod3zn9q8rq7qa2,검정 모던 패션 광고,2025-04-14,/ko/templates,,,,O,283,400,1,https://file.miricanvas.com/template_thumb/2025/04/14/15/10/kmod3zn9q8rq7qa2/thumb.webp,X,목록관측,낮음,1.0
2026-08-03,kqmzqgxwvmyc8vtz,흑백 우아한 결혼 초대장,2025-04-13,/ko/templates,,,12,O,,,1,https://file.miricanvas.com/template_thumb/2025/04/13/12/50/kqmzqgxwvmyc8vtz/thumb.webp,X,목록관측,낮음,1.0
2026-08-03,k7o55gjv06jvvst9,주황 레트로 커피숍 게임,2025-04-11,/ko/templates,,,,O,,,1,https://file.miricanvas.com/template_thumb/2025/04/11/17/30/k7o55gjv06jvvst9/thumb.webp,X,목록관측,낮음,1.0
2026-08-03,kyrkms6vtrcshyat,검정 모던 교육생 모집 광고,2025-04-09,/ko/templates,,,6,O,400,400,1,https://file.miricanvas.com/template_thumb/2025/04/09/18/00/kyrkms6vtrcshyat/thumb.webp,X,목록관측,낮음,1.0
2026-08-03,k0urpkyberlhtfxt,초록 모던 화장품 광고,2025-03-29,/ko/templates,,,7,O,400,400,1,https://file.miricanvas.com/template_thumb/2025/03/29/14/30/k0urpkyberlhtfxt/thumb.webp,X,목록관측,낮음,1.0
2026-08-03,kzjott0bpnfp7wsa,주황 모던 설문조사 정보 전달,2025-03-27,/ko/templates,,,9,O,,,1,https://file.miricanvas.com/template_thumb/2025/03/27/15/50/kzjott0bpnfp7wsa/thumb.webp,X,목록관측,낮음,1.0
2026-08-03,kzwwvsymaj3rgrwn,연두 모던 추천템 광고,2025-03-24,/ko/templates,,,6,O,400,400,1,https://file.miricanvas.com/template_thumb/2025/03/24/08/50/kzwwvsymaj3rgrwn/thumb.webp,X,목록관측,낮음,1.0
2026-08-03,kbgfucbrnorp43ya,회색 깔끔 포트폴리오 자기소개서,2025-03-23,/ko/templates,,,8,O,400,225,1,https://file.miricanvas.com/template_thumb/2025/03/23/15/50/kbgfucbrnorp43ya/thumb.webp,X,목록관측,낮음,1.0
2026-08-03,kri6r14y5wvloc1l,민트 모던 뷰티 제품 소개,2025-03-13,/ko/templates,,,,O,400,400,1,https://file.miricanvas.com/template_thumb/2025/03/13/14/20/kri6r14y5wvloc1l/thumb.webp,X,목록관측,낮음,1.0
2026-08-03,kwaop9l1oyqyc9cp,핑크 아기자기한 학교 안내,2025-02-27,/ko/templates,,,,O,400,283,1,https://file.miricanvas.com/template_thumb/2025/02/27/20/20/kwaop9l1oyqyc9cp/thumb.webp,X,목록관측,낮음,1.0
2026-08-03,kap9pdvmuplb2osv,초록 심플 학교 홍보,2025-02-27,/ko/templates,,,,O,400,283,1,https://file.miricanvas.com/template_thumb/2025/02/27/20/20/kap9pdvmuplb2osv/thumb.webp,X,목록관측,낮음,1.0
2026-08-03,kvwbltydn62en1t4,하늘색 아기자기한 학교 홍보,2025-02-27,/ko/templates,,,,O,,,1,https://file.miricanvas.com/template_thumb/2025/02/27/08/50/kvwbltydn62en1t4/thumb.webp,X,목록관측,낮음,1.0
2026-08-03,kzh6a1r0o465x6kr,베이지색의 심플한 비즈니스 기획서,2025-02-17,/ko/templates,,,9,O,400,225,1,https://file.miricanvas.com/template_thumb/2025/02/17/13/20/kzh6a1r0o465x6kr/thumb.webp,X,목록관측,낮음,1.0
2026-08-03,kxhfn8zsgy1a64te,베이지 아기자기한 학교 안내,2025-02-17,/ko/templates,,,,O,400,283,1,https://file.miricanvas.com/template_thumb/2025/02/17/11/50/kxhfn8zsgy1a64te/thumb.webp,X,목록관측,낮음,1.0
2026-08-03,k38q6y7m9j9nqmdk,검정과 빨강의 트렌드한 영상 플랫폼 UI 분석 발표자료,2025-02-14,/ko/templates,,,,O,400,225,1,https://file.miricanvas.com/template_thumb/2025/02/14/00/10/k38q6y7m9j9nqmdk/thumb.webp,X,목록관측,낮음,1.0
2026-08-03,kbd1yppxey234xsj,파랑과 노랑의 심플한 비즈니스 발표자료,2025-02-14,/ko/templates,,,9,O,400,225,1,https://file.miricanvas.com/template_thumb/2025/02/14/00/10/kbd1yppxey234xsj/thumb.webp,X,목록관측,낮음,1.0
2026-08-03,kxnt3d6sl2e8vpkq,흑백과 주황색의 미니멀한 마케팅 트렌드 보고서,2025-02-14,/ko/templates,,,,O,400,225,1,https://file.miricanvas.com/template_thumb/2025/02/14/00/10/kxnt3d6sl2e8vpkq/thumb.webp,X,목록관측,낮음,1.0
2026-08-03,kjyx60wo5nrhnur1,갈색과 노란색의 게임 캐릭터 들어가있는 판타지스럽고 미래적인 게임 홍보 아트,2025-02-14,/ko/templates,,,,O,400,225,1,https://file.miricanvas.com/template_thumb/2025/02/14/00/10/kjyx60wo5nrhnur1/thumb.webp,X,목록관측,낮음,1.0
2026-08-03,kc567w425vejo20k,아이보리 컬러의 깔끔하고 심플한 배 추석 선물세트,2025-02-14,/ko/templates,,,6,O,313,400,1,https://file.miricanvas.com/template_thumb/2025/02/14/00/10/kc567w425vejo20k/thumb.webp,X,목록관측,낮음,1.0
2026-08-03,k7qnrsguhel2m6fc,푸른톤의 전통기와와 감나무가 있는 한가위 인사,2025-02-14,sticker_square,추석,24,,O,400,400,1,https://file.miricanvas.com/template_thumb/2025/02/14/00/10/k7qnrsguhel2m6fc/thumb.webp,X,노출관측,중간,1.0
2026-08-03,kpp3mzrjfxhdznoo,노란색 보름달과 한복을 입은 가족이 있는 한가위,2025-02-14,sticker_square,추석,41,,O,400,400,1,https://file.miricanvas.com/template_thumb/2025/02/14/00/10/kpp3mzrjfxhdznoo/thumb.webp,X,노출관측,중간,1.0
2026-08-03,kl4ndu3h5r7t6jw0,"노란색, 배이지톤 보름달, 산 수채화 배경에 한가위 인사",2025-02-14,sticker_square,추석,44,,O,400,400,1,https://file.miricanvas.com/template_thumb/2025/02/14/00/10/kl4ndu3h5r7t6jw0/thumb.webp,X,노출관측,중간,1.0
2026-08-03,k9ozhokp2xwzc2zz,흰색 배경에 노란색 보름달과 붉은 꽃나무가 있는 한가위 인사,2025-02-14,sticker_square,추석,51,,O,400,400,1,https://file.miricanvas.com/template_thumb/2025/02/14/00/10/k9ozhokp2xwzc2zz/thumb.webp,X,노출관측,중간,1.0
2026-08-03,k76h06doimfcz0y8,흰색의 플랫한 귀여운 고양이 테스트,2025-02-14,/ko/templates,,,6,O,400,400,1,https://file.miricanvas.com/template_thumb/2025/02/14/00/00/k76h06doimfcz0y8/thumb.webp,X,목록관측,낮음,1.0
2026-08-03,kti8jbagjue7gm2p,초록색의 아기자기한 고양이 커뮤니티 설명,2025-02-14,/ko/templates,,,,O,400,400,1,https://file.miricanvas.com/template_thumb/2025/02/14/00/00/kti8jbagjue7gm2p/thumb.webp,X,목록관측,낮음,1.0
2026-08-03,k794jw0fhhuca9s2,연두 노랑의 귀여운 움직이는 일러스트가 있는 도서 피크닉,2025-02-14,/ko/templates,,,6,O,400,400,1,https://file.miricanvas.com/template_thumb/2025/02/14/00/00/k794jw0fhhuca9s2/thumb.webp,X,목록관측,낮음,1.0
2026-08-03,khropm64xfrjq1lf,남색과 베이지색의 전통적인 민화 전통 체험 기획서,2025-02-14,presentation,추석,25,8,O,640,360,1,https://file.miricanvas.com/template_thumb/2025/02/14/00/00/khropm64xfrjq1lf/thumb.webp,X,노출관측,중간,1.0
2026-08-03,k7p0yros2bldii8y,베이지색 종이질감의 경영전략보고서,2025-02-13,/ko/templates,,,9,O,,,1,https://file.miricanvas.com/template_thumb/2025/02/13/23/40/k7p0yros2bldii8y/thumb.webp,X,목록관측,낮음,1.0
2026-08-03,kpihd3geidlvdr0l,갈색과 주황색의 트렌드한 건강식품 소개서,2025-02-13,/ko/templates,,,6,O,313,400,1,https://file.miricanvas.com/template_thumb/2025/02/13/23/40/kpihd3geidlvdr0l/thumb.webp,X,목록관측,낮음,1.0
2026-08-03,k537mspuhtahzsch,베이지색의 전통적인 독립운동 이야기 요약 게시글,2025-02-13,/ko/templates,,,,O,400,225,1,https://file.miricanvas.com/template_thumb/2025/02/13/23/30/k537mspuhtahzsch/thumb.webp,X,목록관측,낮음,1.0
2026-08-03,kdj6yor7obba91fx,조국을 위해 희생한 독립운동가 백범 김구 광복절 민족영웅 독립 희생 애국자,2025-02-13,/ko/templates,,,7,O,400,400,1,https://file.miricanvas.com/template_thumb/2025/02/13/23/30/kdj6yor7obba91fx/thumb.webp,X,목록관측,낮음,1.0
2026-08-03,kysv00duplngp60q,알록달록한 색감의 컴퓨터 화면 컨셉의 포트폴리오,2025-02-13,/ko/templates,,,8,O,400,225,1,https://file.miricanvas.com/template_thumb/2025/02/13/23/30/kysv00duplngp60q/thumb.webp,X,목록관측,낮음,1.0
2026-08-03,kkc92j3m3yrub2fz,회색과 카키색의 선과 도형 컨셉 디자인 포트폴리오,2025-02-13,/ko/templates,,,9,O,400,225,1,https://file.miricanvas.com/template_thumb/2025/02/13/23/30/kkc92j3m3yrub2fz/thumb.webp,X,목록관측,낮음,1.0
2026-08-03,kcx6lgfmv0r3cwjm,남색과 노란색의 빈티지 레트로 컨셉의 디자인 포트폴리오,2025-02-13,/ko/templates,,,14,O,,,1,https://file.miricanvas.com/template_thumb/2025/02/13/23/30/kcx6lgfmv0r3cwjm/thumb.webp,X,목록관측,낮음,1.0
2026-08-03,kiuirbvwnt9p96p5,심플한 디자인 포트폴리오,2025-02-13,/ko/templates,,,7,O,,,1,https://file.miricanvas.com/template_thumb/2025/02/13/23/30/kiuirbvwnt9p96p5/thumb.webp,X,목록관측,낮음,1.0
2026-08-03,klzi28z1ymdz0rnz,남색과 갈색 귀여운 일러스트 컨셉의 잘몰랐던 추석이야기,2025-02-13,card_news,추석,30,6,O,400,400,1,https://file.miricanvas.com/template_thumb/2025/02/13/23/30/klzi28z1ymdz0rnz/thumb.webp,X,노출관측,중간,1.0
2026-08-03,kqicscrir558pwq7,일러스트 명절 웹포스터,2025-02-13,web_post_ver_poster,추석,48,,O,283,400,1,https://file.miricanvas.com/template_thumb/2025/02/13/23/30/kqicscrir558pwq7/thumb.webp,X,노출관측,중간,1.0
2026-08-03,kafl3acgux97j786,깔끔한 마케팅 디자인 포트폴리오,2025-02-13,/ko/templates,,,9,O,400,225,1,https://file.miricanvas.com/template_thumb/2025/02/13/18/10/kafl3acgux97j786/thumb.webp,X,목록관측,낮음,1.0
2026-08-03,k08wza9byyd2znm3,핑크컬러의 일러스트 딸기농장체험 상세페이지,2025-02-13,/ko/templates,,,7,O,313,400,1,https://file.miricanvas.com/template_thumb/2025/02/13/18/10/k08wza9byyd2znm3/thumb.webp,X,목록관측,낮음,1.0
2026-08-03,koodkhxyve35d8ug,핑크색 여성스러운 화이트데이 플라워박스 예약이벤트 ,2025-02-13,/ko/templates,,,,O,400,400,1,https://file.miricanvas.com/template_thumb/2025/02/13/18/10/koodkhxyve35d8ug/thumb.webp,X,목록관측,낮음,1.0
2026-08-03,kb2zw2dbxfwwm6n3,화이트와 그레이 흑백 패턴의 깔끔한 기획자 포트폴리오,2025-02-13,/ko/templates,,,12,O,400,225,1,https://file.miricanvas.com/template_thumb/2025/02/13/18/00/kb2zw2dbxfwwm6n3/thumb.webp,X,목록관측,낮음,1.0
2026-08-03,kz6lw1whc22hs7nu,베이지색의 사진강조 린넨드 원피스 룩북,2025-02-13,/ko/templates,,,,O,400,400,1,https://file.miricanvas.com/template_thumb/2025/02/13/18/00/kz6lw1whc22hs7nu/thumb.webp,X,목록관측,낮음,1.0
2026-08-03,krbpm0jkznfhoel4,깔끔한 패션 쇼핑몰 촬영 브이로그 유튜브 썸네일,2025-02-13,/ko/templates,,,,O,400,225,1,https://file.miricanvas.com/template_thumb/2025/02/13/18/00/krbpm0jkznfhoel4/thumb.webp,X,목록관측,낮음,1.0
2026-08-03,kji3em8bfml50l8u,일러스트 추석 스티커,2025-02-13,social_media_square,추석,2,,O,400,400,1,https://file.miricanvas.com/template_thumb/2025/02/13/18/00/kji3em8bfml50l8u/thumb.webp,O,노출기반후보,중간,1.0
2026-08-03,k5suc1yl7xfvjdxd,캘리그라피 추석 스티커,2025-02-13,pop_print_156_156,추석,33,,O,400,400,1,https://file.miricanvas.com/template_thumb/2025/02/13/18/00/k5suc1yl7xfvjdxd/thumb.webp,X,노출관측,중간,1.0
2026-08-03,kmn5wgizw6bfg60y,미색과 검정색의 깔끔한 라인 컨셉 포트폴리오,2025-02-13,/ko/templates,,,12,O,400,225,1,https://file.miricanvas.com/template_thumb/2025/02/13/17/50/kmn5wgizw6bfg60y/thumb.webp,X,목록관측,낮음,1.0
2026-08-03,kg3smfqjei4k0b85,봄느낌의로즈데이디자인,2025-02-13,/ko/templates,,,,O,400,400,1,https://file.miricanvas.com/template_thumb/2025/02/13/17/50/kg3smfqjei4k0b85/thumb.webp,X,목록관측,낮음,1.0
2026-08-03,kld27h6vqbckvi23,연분홍색의 발렌타인데이 꽃다발 배달 서비스,2025-02-13,/ko/templates,,,,O,400,400,1,https://file.miricanvas.com/template_thumb/2025/02/13/17/30/kld27h6vqbckvi23/thumb.webp,X,목록관측,낮음,1.0
2026-08-03,k1ci3r110rzuspjx,분홍색의 발렌타인데이 플라워 홍보,2025-02-13,/ko/templates,,,,O,400,400,1,https://file.miricanvas.com/template_thumb/2025/02/13/17/30/k1ci3r110rzuspjx/thumb.webp,X,목록관측,낮음,1.0
2026-08-03,kh94l7t60in6bhdj,빨간색 깔끔한 사과 농수산물 판매(상세페이지),2025-02-13,/ko/templates,,,6,O,313,400,1,https://file.miricanvas.com/template_thumb/2025/02/13/17/10/kh94l7t60in6bhdj/thumb.webp,X,목록관측,낮음,1.0
2026-08-03,ktellwt0pcphiz62,추석 감사인사,2025-02-13,sticker_vertical_rect,추석,12,,O,245,400,1,https://file.miricanvas.com/template_thumb/2025/02/13/17/10/ktellwt0pcphiz62/thumb.webp,O,노출기반후보,중간,1.0
2026-08-03,kailprx3bwvc8x39,화이트 깔끔한 일러스트 추석 인사,2025-02-13,pop_print_156_156,추석,13,,O,400,400,1,https://file.miricanvas.com/template_thumb/2025/02/13/17/10/kailprx3bwvc8x39/thumb.webp,O,노출기반후보,중간,1.0
2026-08-03,kc2w5mlpzqtq60bn,화이트 깔끔한 캘리그라피 추석 감사 인사,2025-02-13,pop_print_156_156,추석,45,,O,400,400,1,https://file.miricanvas.com/template_thumb/2025/02/13/17/10/kc2w5mlpzqtq60bn/thumb.webp,X,노출관측,중간,1.0
2026-08-03,kr4ebxsk9baah2u9,베이지색 심플한 추석 감사인사,2025-02-13,social_media_square,추석,55,,O,400,400,1,https://file.miricanvas.com/template_thumb/2025/02/13/17/10/kr4ebxsk9baah2u9/thumb.webp,X,노출관측,중간,1.0
2026-08-03,k5trs86r9xk8s6nv,와디즈,2025-02-13,/ko/templates,,,7,O,313,400,1,https://file.miricanvas.com/template_thumb/2025/02/13/17/00/k5trs86r9xk8s6nv/thumb.webp,X,목록관측,낮음,1.0
2026-08-03,kqg94cdeofy2qa0l,아이보리색의 수채화 컨셉의 달과 낙엽이 있는 명절 인사말,2025-02-13,led_panel_ver,추석,3,,O,283,400,1,https://file.miricanvas.com/template_thumb/2025/02/13/16/50/kqg94cdeofy2qa0l/thumb.webp,O,노출기반후보,중간,1.0
2026-08-03,kggtwhq5q7vad9hq,노란색의 단풍과 은행나무 그리고 책을 읽는 소녀 일러스트가 있는 독서 캠페인,2025-02-13,led_panel_ver,추석,4,,O,283,400,1,https://file.miricanvas.com/template_thumb/2025/02/13/16/50/kggtwhq5q7vad9hq/thumb.webp,O,노출기반후보,중간,1.0
2026-08-03,kmc6e2an8ar4qqk1,추석,2025-02-13,instagram_feed,추석,11,,O,400,400,1,https://file.miricanvas.com/template_thumb/2025/02/13/16/50/kmc6e2an8ar4qqk1/thumb.webp,O,노출기반후보,중간,1.0
2026-08-03,kt15eqmcc7znrkec,전다영추석_정사각현수막,2025-02-13,placard_square,추석,35,,O,400,400,1,https://file.miricanvas.com/template_thumb/2025/02/13/16/50/kt15eqmcc7znrkec/thumb.webp,X,노출관측,중간,1.0
2026-08-03,kjiwglao1whgrp7f,풍요로운 한가위,2025-02-13,fancy_banner_square,추석,32,,O,400,400,1,https://file.miricanvas.com/template_thumb/2025/02/13/15/50/kjiwglao1whgrp7f/thumb.webp,X,노출관측,중간,1.0
2026-08-03,kv1hxf4nu3rp6v7e,영양보습 3단계,2025-02-13,/ko/templates,,,,O,400,400,1,https://file.miricanvas.com/template_thumb/2025/02/13/15/30/kv1hxf4nu3rp6v7e/thumb.webp,X,목록관측,낮음,1.0
2026-08-03,kyji4bzqjhbx974m,아이보리의 귀여운 일러스트 가을 인삿말 홍보 포스터,2025-02-13,led_panel_ver,추석,21,,O,283,400,1,https://file.miricanvas.com/template_thumb/2025/02/13/15/30/kyji4bzqjhbx974m/thumb.webp,X,노출관측,중간,1.0
2026-08-03,k9axayfwwa3qqk5s,스승의날,2025-02-13,/ko/templates,,,,O,400,400,1,https://file.miricanvas.com/template_thumb/2025/02/13/14/50/k9axayfwwa3qqk5s/thumb.webp,X,목록관측,낮음,1.0
2026-08-03,ki961ds8q224t0b2,풍요로운 한가위,2025-02-13,led_panel_ver,추석,1,,O,267,400,1,https://file.miricanvas.com/template_thumb/2025/02/13/14/50/ki961ds8q224t0b2/thumb.webp,O,노출기반후보,중간,1.0
2026-08-03,k60eq5qzzbngqr74,푸른색과 빨간색의 페이퍼 아트 컨셉의 신년 인사말,2025-02-13,led_panel_ver,추석,15,,O,283,400,1,https://file.miricanvas.com/template_thumb/2025/02/13/14/50/k60eq5qzzbngqr74/thumb.webp,O,노출기반후보,중간,1.0
2026-08-03,k5wgyf5z7dlgnxkv,풍요로운 한가위,2025-02-13,placard_hor,추석,23,,O,1280,230,1,https://file.miricanvas.com/template_thumb/2025/02/13/14/50/k5wgyf5z7dlgnxkv/thumb.webp,X,노출관측,중간,1.0
2026-08-03,ktfxp1qcgi2cyuiq,풍성한 한가위,2025-02-13,led_panel_ver,추석,34,,O,283,400,1,https://file.miricanvas.com/template_thumb/2025/02/13/14/50/ktfxp1qcgi2cyuiq/thumb.webp,X,노출관측,중간,1.0
2026-08-03,kusyv9ncsuq5cuej,베이지색의 심플한 새해 인사 디자인 포스터,2025-02-13,web_post_ver_poster,추석,53,,O,283,400,1,https://file.miricanvas.com/template_thumb/2025/02/13/14/50/kusyv9ncsuq5cuej/thumb.webp,X,노출관측,중간,1.0
2026-08-03,kvkl0p6ia3hcmrfe,핑크색의 벚꽃잎이 흩날리는 꽃구경,2025-02-13,web_post_ver_poster,추석,5,,O,283,400,1,https://file.miricanvas.com/template_thumb/2025/02/13/13/30/kvkl0p6ia3hcmrfe/thumb.webp,O,노출기반후보,중간,1.0
2026-08-03,kwsu98bquicta2p6,한가위,2025-02-13,led_panel_ver,추석,43,,O,283,400,1,https://file.miricanvas.com/template_thumb/2025/02/13/13/30/kwsu98bquicta2p6/thumb.webp,X,노출관측,중간,1.0
2026-08-03,kw2tyy5nba1irkw3,뜻깊은 추석을 선물하세요,2025-02-13,led_panel_ver,추석,54,,O,283,400,1,https://file.miricanvas.com/template_thumb/2025/02/13/13/30/kw2tyy5nba1irkw3/thumb.webp,X,노출관측,중간,1.0
2026-08-03,kqsb9mn8ca1uq372,새해 복 많이 받으세요,2025-02-13,placard_square,추석,42,,O,400,400,1,https://file.miricanvas.com/template_thumb/2025/02/13/13/20/kqsb9mn8ca1uq372/thumb.webp,X,노출관측,중간,1.0
2026-08-03,kdqp57t8du7mgm3q,파랑 모던 데이터 분석 교육 광고,2025-01-16,/ko/templates,,,5,O,400,400,1,https://file.miricanvas.com/template_thumb/2025/01/16/19/50/kdqp57t8du7mgm3q/thumb.webp,X,목록관측,낮음,1.0
2026-08-03,kh8za94lxcs32qir,주황 모던 포트폴리오 소개,2024-12-11,/ko/templates,,,8,O,400,225,1,https://file.miricanvas.com/template_thumb/2024/12/11/18/00/kh8za94lxcs32qir/thumb.webp,X,목록관측,낮음,1.0
2026-08-03,kl2j4dtpzx2yxcak,초록 강조 쿠폰 프로모션,2024-12-11,/ko/templates,,,5,O,400,400,1,https://file.miricanvas.com/template_thumb/2024/12/11/16/40/kl2j4dtpzx2yxcak/thumb.webp,X,목록관측,낮음,1.0
2026-08-03,kqlwbmt1htkgefw6,흑백 빈티지 봉사활동 홍보,2024-12-11,/ko/templates,,,19,O,,,1,https://file.miricanvas.com/template_thumb/2024/12/11/16/30/kqlwbmt1htkgefw6/thumb.webp,X,목록관측,낮음,1.0
2026-08-03,k2fi6m85wq5stac6,연보라 미니멀 포트폴리오 소개,2024-12-11,/ko/templates,,,7,O,400,225,1,https://file.miricanvas.com/template_thumb/2024/12/11/16/30/k2fi6m85wq5stac6/thumb.webp,X,목록관측,낮음,1.0
2026-08-03,kj1ynze3w7hsvt3x,회색 모던 포트폴리오 소개,2024-12-11,/ko/templates,,,7,O,400,225,1,https://file.miricanvas.com/template_thumb/2024/12/11/16/30/kj1ynze3w7hsvt3x/thumb.webp,X,목록관측,낮음,1.0
2026-08-03,k5ec8fk5bwkklnac,검정 모던 포트폴리오 정보 전달,2024-12-11,/ko/templates,,,7,O,400,225,1,https://file.miricanvas.com/template_thumb/2024/12/11/16/20/k5ec8fk5bwkklnac/thumb.webp,X,목록관측,낮음,1.0
2026-08-03,kul8oiry748vckbw,파랑 모던 포트폴리오 소개,2024-12-11,/ko/templates,,,7,O,,,1,https://file.miricanvas.com/template_thumb/2024/12/11/16/20/kul8oiry748vckbw/thumb.webp,X,목록관측,낮음,1.0
2026-08-03,kj7pad3x2rfm8pu1,검정 모던 소프트웨어 포트폴리오,2024-12-11,/ko/templates,,,7,O,,,1,https://file.miricanvas.com/template_thumb/2024/12/11/16/20/kj7pad3x2rfm8pu1/thumb.webp,X,목록관측,낮음,1.0
2026-08-03,kw5x9j9b60f37e6g,하늘색 모던 할인 프로모션,2024-12-11,/ko/templates,,,6,O,400,400,1,https://file.miricanvas.com/template_thumb/2024/12/11/16/20/kw5x9j9b60f37e6g/thumb.webp,X,목록관측,낮음,1.0
2026-08-03,ktj9mn1250ouyfx6,검정 모던 할인 행사,2024-12-11,/ko/templates,,,,O,313,400,1,https://file.miricanvas.com/template_thumb/2024/12/11/16/20/ktj9mn1250ouyfx6/thumb.webp,X,목록관측,낮음,1.0
2026-08-03,khy2q9q2d9p99cc2,파랑 모던 마케팅 프로모션,2024-12-11,/ko/templates,,,6,O,313,400,1,https://file.miricanvas.com/template_thumb/2024/12/11/16/20/khy2q9q2d9p99cc2/thumb.webp,X,목록관측,낮음,1.0
2026-08-03,klmkh1vxx2b1m8oe,연두색의 아기자기한 반려동물 안내,2024-12-11,/ko/templates,,,4,O,400,400,1,https://file.miricanvas.com/template_thumb/2024/12/11/16/20/klmkh1vxx2b1m8oe/thumb.webp,X,목록관측,낮음,1.0
2026-08-03,kglxh7z3gz1g6j2f,초록 모던 미디어 보고서,2024-12-11,/ko/templates,,,8,O,,,1,https://file.miricanvas.com/template_thumb/2024/12/11/15/50/kglxh7z3gz1g6j2f/thumb.webp,X,목록관측,낮음,1.0
2026-08-03,kaa56kfhf2s4dvtd,하늘색의 심플한 SNS 마케팅 제안서,2024-12-11,/ko/templates,,,10,O,400,225,1,https://file.miricanvas.com/template_thumb/2024/12/11/15/20/kaa56kfhf2s4dvtd/thumb.webp,X,목록관측,낮음,1.0
2026-08-03,kt4dt49o2hkshpe8,주황 모던 주방용품 할인,2024-12-11,/ko/templates,,,6,O,313,400,1,https://file.miricanvas.com/template_thumb/2024/12/11/15/20/kt4dt49o2hkshpe8/thumb.webp,X,목록관측,낮음,1.0
2026-08-03,kzjl7pyqub1192kt,하늘색 깔끔 출장 보고서 계약서,2024-12-11,/ko/templates,,,8,O,400,225,1,https://file.miricanvas.com/template_thumb/2024/12/11/15/00/kzjl7pyqub1192kt/thumb.webp,X,목록관측,낮음,1.0
2026-08-03,kx98spagpj418ilm,파랑 심플 영업 계획서,2024-12-11,/ko/templates,,,9,O,400,225,1,https://file.miricanvas.com/template_thumb/2024/12/11/15/00/kx98spagpj418ilm/thumb.webp,X,목록관측,낮음,1.0
2026-08-03,ky206esd3238zncn,베이지 전통 추석 홍보,2024-12-11,card_news,추석,22,6,O,400,400,1,https://file.miricanvas.com/template_thumb/2024/12/11/14/50/ky206esd3238zncn/thumb.webp,X,노출관측,중간,1.0
2026-08-03,ken57vpo83oxbz11,남색 전통 추석 휴무 안내,2024-12-11,social_media_square,추석,31,,O,400,400,1,https://file.miricanvas.com/template_thumb/2024/12/11/14/50/ken57vpo83oxbz11/thumb.webp,X,노출관측,중간,1.0
2026-08-03,kspddq03llg4wgj1,회색과 노랑의 심플한 기업 컬쳐북 안내서,2024-12-11,/ko/templates,,,9,O,400,225,1,https://file.miricanvas.com/template_thumb/2024/12/11/14/30/kspddq03llg4wgj1/thumb.webp,X,목록관측,낮음,1.0
2026-08-03,k6mhbwkdq0ek910c,민트색의 심플한 기업 컬쳐북 안내서,2024-12-11,/ko/templates,,,,O,400,225,1,https://file.miricanvas.com/template_thumb/2024/12/11/14/30/k6mhbwkdq0ek910c/thumb.webp,X,목록관측,낮음,1.0
2026-08-03,khihrrg824svrs1x,핑크와 회색의 심플한 컬쳐북 소개서,2024-12-11,/ko/templates,,,9,O,400,225,1,https://file.miricanvas.com/template_thumb/2024/12/11/14/30/khihrrg824svrs1x/thumb.webp,X,목록관측,낮음,1.0
2026-08-03,kqlu2pspioecgpqu,연보라색과 아이보리색의 심플한 무마취 고양이 전문 미용실 광고,2024-12-11,/ko/templates,,,,O,,,1,https://file.miricanvas.com/template_thumb/2024/12/11/14/30/kqlu2pspioecgpqu/thumb.webp,X,목록관측,낮음,1.0
2026-08-03,kqvy5lr1k82u7v7a,빨강과 검정의 미니멀 광복절 휴무 안내서,2024-12-11,/ko/templates,,,,O,283,400,1,https://file.miricanvas.com/template_thumb/2024/12/11/14/20/kqvy5lr1k82u7v7a/thumb.webp,X,목록관측,낮음,1.0
2026-08-03,ki32fbfg7uos4202,베이지와 갈색의 미니멀 광복절 휴무 안내서,2024-12-11,/ko/templates,,,,O,283,400,1,https://file.miricanvas.com/template_thumb/2024/12/11/14/20/ki32fbfg7uos4202/thumb.webp,X,목록관측,낮음,1.0
2026-08-03,kan2w7duqb4mq2u3,하늘색의 모던한 여름 패션 홍보,2024-12-11,/ko/templates,,,8,O,313,400,1,https://file.miricanvas.com/template_thumb/2024/12/11/14/20/kan2w7duqb4mq2u3/thumb.webp,X,목록관측,낮음,1.0
2026-08-03,khc4f5upfne02nnr,회색과 빨강의 심플한 광복절 휴무안내 공지,2024-12-11,/ko/templates,,,,O,400,400,1,https://file.miricanvas.com/template_thumb/2024/12/11/14/10/khc4f5upfne02nnr/thumb.webp,X,목록관측,낮음,1.0
2026-08-03,k32didbjkc15uf4d,초록색의 키치한 브랜드 홍보,2024-12-11,/ko/templates,,,6,O,400,400,1,https://file.miricanvas.com/template_thumb/2024/12/11/14/10/k32didbjkc15uf4d/thumb.webp,X,목록관측,낮음,1.0
2026-08-03,k1fjlngpoqctdg4y,하늘색과 파랑의 모던한 뷰티 신제품 광고,2024-12-11,/ko/templates,,,,O,400,400,1,https://file.miricanvas.com/template_thumb/2024/12/11/14/10/k1fjlngpoqctdg4y/thumb.webp,X,목록관측,낮음,1.0
2026-08-03,k1ox9s72396g8ky4,노랑과 흰색의 노트 스타일 반려동물 건강관리 정보,2024-12-11,/ko/templates,,,6,O,400,400,1,https://file.miricanvas.com/template_thumb/2024/12/11/14/10/k1ox9s72396g8ky4/thumb.webp,X,목록관측,낮음,1.0
2026-08-03,ke8wncv98l3dpmzh,회색의 동양적인 광복절 휴무 안내 공지,2024-12-11,/ko/templates,,,,O,400,400,1,https://file.miricanvas.com/template_thumb/2024/12/11/14/00/ke8wncv98l3dpmzh/thumb.webp,X,목록관측,낮음,1.0
2026-08-03,kjpif8z1qa7t1wql,회색의 심플한 경력직 마케터 포트폴리오,2024-12-11,/ko/templates,,,,O,,,1,https://file.miricanvas.com/template_thumb/2024/12/11/14/00/kjpif8z1qa7t1wql/thumb.webp,X,목록관측,낮음,1.0
2026-08-03,k8snay56qas5jzto,아이보리색과 검정의 모던한 포트폴리오 소개서,2024-12-11,/ko/templates,,,7,O,400,225,1,https://file.miricanvas.com/template_thumb/2024/12/11/13/50/k8snay56qas5jzto/thumb.webp,X,목록관측,낮음,1.0
2026-08-03,kknsgyw913ik8rzy,베이지색과 검정의 미니멀한 그래픽 디자이너 포트폴리오,2024-12-11,/ko/templates,,,7,O,,,1,https://file.miricanvas.com/template_thumb/2024/12/11/13/50/kknsgyw913ik8rzy/thumb.webp,X,목록관측,낮음,1.0
2026-08-03,k4klw3fdkgxuvn4o,파랑과 하늘색 심플한 HR 헤드헌팅 서비스 제안서,2024-12-11,/ko/templates,,,10,O,400,225,1,https://file.miricanvas.com/template_thumb/2024/12/11/13/50/k4klw3fdkgxuvn4o/thumb.webp,X,목록관측,낮음,1.0
2026-08-03,kc59qqa0tc7jbj3e,파랑과 흰색의 심플한 생산직 입사자 교육자료,2024-12-11,/ko/templates,,,9,O,,,1,https://file.miricanvas.com/template_thumb/2024/12/11/13/50/kc59qqa0tc7jbj3e/thumb.webp,X,목록관측,낮음,1.0
2026-08-03,kkxeajh89md2dtom,빨강과 파랑의 기본적인 사무실 필수 공지,2024-12-11,/ko/templates,,,7,O,,,1,https://file.miricanvas.com/template_thumb/2024/12/11/13/50/kkxeajh89md2dtom/thumb.webp,X,목록관측,낮음,1.0
2026-08-03,k96xrbp7kp2mc9xz,연두색과 검정의 기본적인 여름 기초 화장품 홍보,2024-12-11,/ko/templates,,,,O,400,400,1,https://file.miricanvas.com/template_thumb/2024/12/11/13/50/k96xrbp7kp2mc9xz/thumb.webp,X,목록관측,낮음,1.0
2026-08-03,k429b7k3gpm6n0lm,초록과 베이지 심플한 편하게 제출하는 포트폴리오,2024-12-11,/ko/templates,,,7,O,,,1,https://file.miricanvas.com/template_thumb/2024/12/11/13/40/k429b7k3gpm6n0lm/thumb.webp,X,목록관측,낮음,1.0
2026-08-03,k3oz14mzkgv0lo2l,연두와 검정의 심플한 경력직 인쇄용 포트폴리오,2024-12-11,/ko/templates,,,9,O,400,225,1,https://file.miricanvas.com/template_thumb/2024/12/11/13/30/k3oz14mzkgv0lo2l/thumb.webp,X,목록관측,낮음,1.0
2026-08-03,k1cb46ixb3pw7o7s,회색과 연두색의 심플한 인쇄용 포트폴리오,2024-12-11,/ko/templates,,,9,O,400,225,1,https://file.miricanvas.com/template_thumb/2024/12/11/13/30/k1cb46ixb3pw7o7s/thumb.webp,X,목록관측,낮음,1.0
2026-08-03,kcq1mphmciz1t50q,흰색의 심플한 폴더 프레임 포트폴리오,2024-12-11,/ko/templates,,,9,O,,,1,https://file.miricanvas.com/template_thumb/2024/12/11/13/30/kcq1mphmciz1t50q/thumb.webp,X,목록관측,낮음,1.0
2026-08-03,kxw37pkdcl2sg0li,주황색과 흰색의 모던한 여름 화장품 홍보 게시글,2024-12-11,/ko/templates,,,,O,400,400,1,https://file.miricanvas.com/template_thumb/2024/12/11/13/30/kxw37pkdcl2sg0li/thumb.webp,X,목록관측,낮음,1.0
2026-08-03,kfypdzbti4jmljug,초록색과 흰색의 미니멀한 여름 화장품 할인 게시글,2024-12-11,/ko/templates,,,,O,400,400,1,https://file.miricanvas.com/template_thumb/2024/12/11/13/30/kfypdzbti4jmljug/thumb.webp,X,목록관측,낮음,1.0
2026-08-03,klays1mwwht7orvc,베이지와 하늘색의 모던한 수영복컬렉션 홍보,2024-12-11,/ko/templates,,,,O,400,400,1,https://file.miricanvas.com/template_thumb/2024/12/11/13/30/klays1mwwht7orvc/thumb.webp,X,목록관측,낮음,1.0
2026-08-03,kz2xx9b6n1h8ar1h,하늘색의 단순한 마케터 포트폴리오,2024-12-11,/ko/templates,,,8,O,400,225,1,https://file.miricanvas.com/template_thumb/2024/12/11/13/20/kz2xx9b6n1h8ar1h/thumb.webp,X,목록관측,낮음,1.0
2026-08-03,kjrfzqrb570wxa50,베이지색과 흰색의 미니멀한 화장품 질문 게시글,2024-12-11,/ko/templates,,,,O,,,1,https://file.miricanvas.com/template_thumb/2024/12/11/13/20/kjrfzqrb570wxa50/thumb.webp,X,목록관측,낮음,1.0
2026-08-03,kw40e4n6r6gtv9ux,흰색과 초록색의 심플한 토마토 홍보,2024-12-11,/ko/templates,,,17,O,313,400,1,https://file.miricanvas.com/template_thumb/2024/12/11/13/00/kw40e4n6r6gtv9ux/thumb.webp,X,목록관측,낮음,1.0
2026-08-03,ksqiqmxeknppw2be,핑크색과 골드색의 심플한 스승의날 꽃 배달 서비스 홍보,2024-12-11,/ko/templates,,,,O,400,400,1,https://file.miricanvas.com/template_thumb/2024/12/11/12/50/ksqiqmxeknppw2be/thumb.webp,X,목록관측,낮음,1.0
2026-08-03,kmnyymxk5vsscxuf,핑크색과 빨강의 병맛의 오타쿠 연예인 덕질 발표자료,2024-12-11,/ko/templates,,,8,O,,,1,https://file.miricanvas.com/template_thumb/2024/12/11/12/00/kmnyymxk5vsscxuf/thumb.webp,X,목록관측,낮음,1.0
2026-08-03,kf78nvzyylzrdzos,초록색의 모던한 SNS 브랜딩 마케팅 홍보,2024-12-11,/ko/templates,,,7,O,400,400,1,https://file.miricanvas.com/template_thumb/2024/12/11/12/00/kf78nvzyylzrdzos/thumb.webp,X,목록관측,낮음,1.0
2026-08-03,krv8taflboelbzup,베이지색과 갈색의 모던한 신제품 할인 이벤트 게시글,2024-12-11,/ko/templates,,,,O,400,400,1,https://file.miricanvas.com/template_thumb/2024/12/11/12/00/krv8taflboelbzup/thumb.webp,X,목록관측,낮음,1.0
2026-08-03,k2kw4d69dt288g0y,핑크와 흰색의 심플한 어버이날 게시글,2024-12-11,/ko/templates,,,,O,400,400,1,https://file.miricanvas.com/template_thumb/2024/12/11/12/00/k2kw4d69dt288g0y/thumb.webp,X,목록관측,낮음,1.0
2026-08-03,k4bkjru5fgyldmj1,파랑과 검정의 트렌드한 브랜드홍보 소개서,2024-12-11,/ko/templates,,,6,O,400,400,1,https://file.miricanvas.com/template_thumb/2024/12/11/11/50/k4bkjru5fgyldmj1/thumb.webp,X,목록관측,낮음,1.0
2026-08-03,k54kzdfjk2502cqn,핑크와 아이보리의 트렌드한 SNS 마케팅 브랜딩 피드 홍보,2024-12-11,/ko/templates,,,9,O,400,400,1,https://file.miricanvas.com/template_thumb/2024/12/11/11/50/k54kzdfjk2502cqn/thumb.webp,X,목록관측,낮음,1.0
2026-08-03,kw6ud7586hcc871s,핑크색과 아이보리색의 심플한 감성글귀 게시글,2024-12-11,/ko/templates,,,,O,400,400,1,https://file.miricanvas.com/template_thumb/2024/12/11/11/50/kw6ud7586hcc871s/thumb.webp,X,목록관측,낮음,1.0
2026-08-03,k6f1g1w2j4tlay24,핑크와 흰색의 감성적인 로즈데이 게시글,2024-12-11,/ko/templates,,,,O,,,1,https://file.miricanvas.com/template_thumb/2024/12/11/11/40/k6f1g1w2j4tlay24/thumb.webp,X,목록관측,낮음,1.0
2026-08-03,kn8g8nb29fh11wq7,핑크의 키치한 봄세일 홍보,2024-12-11,/ko/templates,,,,O,283,400,1,https://file.miricanvas.com/template_thumb/2024/12/11/10/40/kn8g8nb29fh11wq7/thumb.webp,X,목록관측,낮음,1.0
2026-08-03,kcf1is7g685qf7g1,검정과 형광색의 사이버적인 프로그래머 포트폴리오,2024-12-11,/ko/templates,,,,O,,,1,https://file.miricanvas.com/template_thumb/2024/12/11/10/30/kcf1is7g685qf7g1/thumb.webp,X,목록관측,낮음,1.0
2026-08-03,klplaq1vs5oxsitk,빨강과 회색의 자연컨셉 사과 판매 홍보,2024-12-11,/ko/templates,,,,O,313,400,1,https://file.miricanvas.com/template_thumb/2024/12/11/10/30/klplaq1vs5oxsitk/thumb.webp,X,목록관측,낮음,1.0
2026-08-03,ksblh9d2g3s9f8k9,노랑과 초록색의 아기자기한 농산물 판매 광고,2024-12-11,/ko/templates,,,15,O,313,400,1,https://file.miricanvas.com/template_thumb/2024/12/11/10/30/ksblh9d2g3s9f8k9/thumb.webp,X,목록관측,낮음,1.0
2026-08-03,k9eqo4nt1vu3o1zw,핑크와 파랑의 키치한 강아지 건강관리 정보,2024-12-11,/ko/templates,,,2,O,400,400,1,https://file.miricanvas.com/template_thumb/2024/12/11/10/30/k9eqo4nt1vu3o1zw/thumb.webp,X,목록관측,낮음,1.0
2026-08-03,k6zn3toce2en2t9o,파랑과 베이지의 아기자기한 감성문구 펫케어서비스 광고,2024-12-11,/ko/templates,,,,O,400,400,1,https://file.miricanvas.com/template_thumb/2024/12/11/10/30/k6zn3toce2en2t9o/thumb.webp,X,목록관측,낮음,1.0
2026-08-03,ke57kwr6l8ibbd4f,하늘색의 심플한 취업 포트폴리오,2024-12-11,/ko/templates,,,,O,400,225,1,https://file.miricanvas.com/template_thumb/2024/12/11/10/10/ke57kwr6l8ibbd4f/thumb.webp,X,목록관측,낮음,1.0
2026-08-03,k6mvyaw4c5pqz5fu,아이보리와 보라색의 심플한 취준생 자기소개서,2024-12-11,/ko/templates,,,,O,,,1,https://file.miricanvas.com/template_thumb/2024/12/11/09/30/k6mvyaw4c5pqz5fu/thumb.webp,X,목록관측,낮음,1.0
2026-08-03,k7311xnzkumj7aq4,베이지와 검정의 모던한 기업 브랜드 키트,2024-12-11,/ko/templates,,,6,O,,,1,https://file.miricanvas.com/template_thumb/2024/12/11/09/30/k7311xnzkumj7aq4/thumb.webp,X,목록관측,낮음,1.0
2026-08-03,k74ykpnwjbdnj6ki,베이지색과 갈색의 미니멀한 과일 상품 정보,2024-12-11,/ko/templates,,,15,O,313,400,1,https://file.miricanvas.com/template_thumb/2024/12/11/09/30/k74ykpnwjbdnj6ki/thumb.webp,X,목록관측,낮음,1.0
2026-08-03,ko23sz6346lqfbjw,파랑 배경의 심플한 경력직 포트폴리오,2024-12-11,/ko/templates,,,10,O,400,225,1,https://file.miricanvas.com/template_thumb/2024/12/11/09/20/ko23sz6346lqfbjw/thumb.webp,X,목록관측,낮음,1.0
2026-08-03,kaon7z0ervs0c28u,주황과 검정의 깔끔한 브랜드 키트 안내,2024-12-11,/ko/templates,,,5,O,400,400,1,https://file.miricanvas.com/template_thumb/2024/12/11/09/20/kaon7z0ervs0c28u/thumb.webp,X,목록관측,낮음,1.0
2026-08-03,kmy9246gmtc90ee2,검정과 베이지색의 모던한 경력자 이직 포트폴리오,2024-12-11,/ko/templates,,,,O,400,225,1,https://file.miricanvas.com/template_thumb/2024/12/11/08/50/kmy9246gmtc90ee2/thumb.webp,X,목록관측,낮음,1.0
2026-08-03,khxfzxdvplvf8lo2,흑백에 하늘색 포인트를 준 미니멀한 SNS 브랜드 게시글,2024-12-11,/ko/templates,,,6,O,400,400,1,https://file.miricanvas.com/template_thumb/2024/12/11/08/50/khxfzxdvplvf8lo2/thumb.webp,X,목록관측,낮음,1.0
2026-08-03,kkc095ua979hhg79,갈색과 빨강색의 트렌드한 SNS 브랜드 키트 게시글,2024-12-11,/ko/templates,,,6,O,,,1,https://file.miricanvas.com/template_thumb/2024/12/11/08/50/kkc095ua979hhg79/thumb.webp,X,목록관측,낮음,1.0
2026-08-03,kvewh52l21s46nug,카키색과 노란색의 심플한 기업 신입사원 자기소개서,2024-12-11,/ko/templates,,,9,O,,,1,https://file.miricanvas.com/template_thumb/2024/12/11/08/40/kvewh52l21s46nug/thumb.webp,X,목록관측,낮음,1.0
2026-08-03,kzaytr636b6dkpjv,하늘색과 회색의 심플한 동기부여 교육자료,2024-12-11,/ko/templates,,,9,O,,,1,https://file.miricanvas.com/template_thumb/2024/12/11/08/40/kzaytr636b6dkpjv/thumb.webp,X,목록관측,낮음,1.0
2026-08-03,khqq0468ld9wv1ub,검정색과 주황색의 심플한 블랙 프라이데이 홍보,2024-12-11,/ko/templates,,,,O,400,400,1,https://file.miricanvas.com/template_thumb/2024/12/11/08/40/khqq0468ld9wv1ub/thumb.webp,X,목록관측,낮음,1.0
2026-08-03,kb5017byk8j3c5se,주황색 깔끔 가을축제 안내,2026-08-03,social_media_square,가을소풍,66,,O,400,400,1,https://file.miricanvas.com/template_json_thumb/2026/08/03/10/30/kb5017byk8j3c5se/json_thumb.webp,X,노출관측,중간,1.0
2026-08-03,k4f4zg6l9267ggaz,주황 모던 가을맞이 할인 행사,2026-08-03,social_media_square,가을소풍,67,,O,400,400,1,https://file.miricanvas.com/template_json_thumb/2026/08/03/10/30/k4f4zg6l9267ggaz/json_thumb.webp,X,노출관측,중간,1.0
2026-08-03,ki7p1mge4rq77dfd,주황 심플 숲체험 안내,2026-08-03,social_media_square,가을소풍,87,,O,400,400,1,https://file.miricanvas.com/template_json_thumb/2026/08/03/10/30/ki7p1mge4rq77dfd/json_thumb.webp,X,노출관측,중간,1.0
2026-08-03,kvtt5vyvmfu04psg,갈색 아기자기한 가을 엽서,2026-08-03,ricecake_memo_paper_square,가을소풍,288,,O,400,400,1,https://file.miricanvas.com/template_json_thumb/2026/08/03/10/30/kvtt5vyvmfu04psg/json_thumb.webp,X,노출관측,중간,1.0
2026-08-03,kygq9ezkl0oajnhr,남색 깔끔 가을 캠핑 축제 안내,2026-08-03,social_media_square,가을소풍,289,,O,400,400,1,https://file.miricanvas.com/template_json_thumb/2026/08/03/10/30/kygq9ezkl0oajnhr/json_thumb.webp,X,노출관측,중간,1.0
2026-08-03,kd3rvstpqc15mbx7,주황 심플 가을 사진 콘테스트 안내,2026-08-03,placard_poster_ver,가을소풍,38,,O,283,400,1,https://file.miricanvas.com/template_json_thumb/2026/08/03/07/30/kd3rvstpqc15mbx7/json_thumb.webp,X,노출관측,중간,1.0
2026-08-03,kt247nzengm6rwj2,주황색 클래식 가을 책박람회 안내,2026-08-03,placard_poster_ver,가을소풍,86,,O,283,400,1,https://file.miricanvas.com/template_json_thumb/2026/08/03/07/30/kt247nzengm6rwj2/json_thumb.webp,X,노출관측,중간,1.0
2026-08-03,kouzwtrchr70lxqj,주황색 깔끔 비즈 단풍 축제 안내,2026-08-03,leaflet_3_stages,가을소풍,213,2,O,640,454,1,https://file.miricanvas.com/template_json_thumb/2026/08/03/07/30/kouzwtrchr70lxqj/json_thumb.webp,X,노출관측,중간,1.0
2026-08-03,khr1gxy3ktiu9cf4,주황색 깔끔 독서 모임 모집 안내,2026-08-03,placard_poster_ver,가을소풍,260,,O,283,400,1,https://file.miricanvas.com/template_json_thumb/2026/08/03/07/30/khr1gxy3ktiu9cf4/json_thumb.webp,X,노출관측,중간,1.0
2026-08-03,kfsyi6vng6ma991d,노랑 미니멀 가을독서 캠페인 안내,2026-07-31,web_post_ver_poster,가을소풍,40,,O,283,400,1,https://file.miricanvas.com/template_thumb/2026/07/31/11/30/kfsyi6vng6ma991d/thumb.webp,X,노출관측,중간,1.0
2026-08-03,k58z412gp6fquivm,노랑 심플 가을피크닉 안내,2026-07-31,banner,가을소풍,20,,O,133,400,1,https://file.miricanvas.com/template_json_thumb/2026/07/31/10/30/k58z412gp6fquivm/json_thumb.webp,X,노출관측,중간,1.0
2026-08-03,kat91at7eoq9snz9,노랑 심플 가을피크닉 안내,2026-07-31,instagram_default,가을소풍,27,,O,400,400,1,https://file.miricanvas.com/template_json_thumb/2026/07/31/10/30/kat91at7eoq9snz9/json_thumb.webp,X,노출관측,중간,1.0
2026-08-03,k7skekk6d4jotnxn,주황 심플 가을피크닉 안내,2026-07-31,instagram_default,가을소풍,37,,O,400,400,1,https://file.miricanvas.com/template_json_thumb/2026/07/31/10/30/k7skekk6d4jotnxn/json_thumb.webp,X,노출관측,중간,1.0
2026-08-03,kdu0z6asayzxhtlc,주황 심플 가을피크닉 안내,2026-07-31,banner,가을소풍,56,,O,133,400,1,https://file.miricanvas.com/template_json_thumb/2026/07/31/10/30/kdu0z6asayzxhtlc/json_thumb.webp,X,노출관측,중간,1.0
2026-08-03,krh6r9jnygsqyjq2,주황 심플 가을야유회 안내,2026-07-31,instagram_default,가을소풍,76,,O,400,400,1,https://file.miricanvas.com/template_json_thumb/2026/07/31/10/30/krh6r9jnygsqyjq2/json_thumb.webp,X,노출관측,중간,1.0
2026-08-03,k2baa02mlvbagkam,파랑 깔끔 교회 행사 안내,2026-07-31,poster_hor_print,가을소풍,95,,O,640,453,1,https://file.miricanvas.com/template_json_thumb/2026/07/31/10/30/k2baa02mlvbagkam/json_thumb.webp,X,노출관측,중간,1.0
2026-08-03,kev1q8pl17os3gy5,갈색 클래식 독서 모임 안내,2026-07-31,instagram_default,가을소풍,98,,O,400,400,1,https://file.miricanvas.com/template_json_thumb/2026/07/31/10/30/kev1q8pl17os3gy5/json_thumb.webp,X,노출관측,중간,1.0
2026-08-03,kubh9cl6xexxl55v,파랑 깔끔 교회 행사 안내,2026-07-31,placard_square,가을소풍,113,,O,400,400,1,https://file.miricanvas.com/template_json_thumb/2026/07/31/10/30/kubh9cl6xexxl55v/json_thumb.webp,X,노출관측,중간,1.0
2026-08-03,kxjk86fylxx14tkz,주황 심플 가을축제 안내,2026-07-31,paper_cup_10,가을소풍,117,,O,800,403,1,https://file.miricanvas.com/template_json_thumb/2026/07/31/10/30/kxjk86fylxx14tkz/json_thumb.webp,X,노출관측,중간,1.0
2026-08-03,k6bg3q3jbbm682ya,갈색 깔끔 가을 기획전 할인 행사,2026-07-31,banner,가을소풍,149,,O,133,400,1,https://file.miricanvas.com/template_json_thumb/2026/07/31/10/30/k6bg3q3jbbm682ya/json_thumb.webp,X,노출관측,중간,1.0
2026-08-03,k03mvg5nfya381s7,주황 심플 가을운율 공모전 안내,2026-07-31,mobile_sub_img2,가을소풍,168,,O,1280,230,1,https://file.miricanvas.com/template_json_thumb/2026/07/31/10/30/k03mvg5nfya381s7/json_thumb.webp,X,노출관측,중간,1.0
2026-08-03,kh3g9887jbg7zkch,갈색 깔끔 가을 기획전 할인 행사,2026-07-31,mobile_sub_img2,가을소풍,177,,O,1280,230,1,https://file.miricanvas.com/template_json_thumb/2026/07/31/10/30/kh3g9887jbg7zkch/json_thumb.webp,X,노출관측,중간,1.0
2026-08-03,kzvc1jmrgtzv5lc6,노랑 심플 추석 정상 영업 안내,2026-07-31,sticker_square,가을소풍,278,,O,400,400,1,https://file.miricanvas.com/template_json_thumb/2026/07/31/10/30/kzvc1jmrgtzv5lc6/json_thumb.webp,X,노출관측,중간,1.0
2026-08-03,ky05be4md37nblls,주황 심플 가을운율 공모전 안내,2026-07-31,banner,가을소풍,281,,O,133,400,1,https://file.miricanvas.com/template_json_thumb/2026/07/31/10/30/ky05be4md37nblls/json_thumb.webp,X,노출관측,중간,1.0
2026-08-03,khi0iiz9vpgboepm,베이지 아기자기한 가을 단풍 축제 안내,2026-07-31,mobile_sub_img2,가을소풍,220,,O,1280,230,1,https://file.miricanvas.com/template_json_thumb/2026/07/31/09/30/khi0iiz9vpgboepm/json_thumb.webp,X,노출관측,중간,1.0
2026-08-03,kmg6jvbshj4deal1,베이지 깔끔 추석 안내,2026-07-30,placard_hor,가을소풍,25,,O,1280,230,1,https://file.miricanvas.com/template_json_thumb/2026/07/30/17/30/kmg6jvbshj4deal1/json_thumb.webp,X,노출관측,중간,1.0
2026-08-03,kupn70ovtykwoaxj,노란색과 오렌지색의 따뜻한 꽃을 활용한 스토리텔링 요소 수업 발표,2026-07-30,presentation,가을소풍,82,14,O,640,360,1,https://file.miricanvas.com/template_json_thumb/2026/07/30/17/30/kupn70ovtykwoaxj/json_thumb.webp,X,노출관측,중간,1.0
2026-08-03,kxcw39wqt14n4199,주황 심플 가을 세일 홍보,2026-07-30,web_post_ver_poster,가을소풍,127,,O,283,400,1,https://file.miricanvas.com/template_json_thumb/2026/07/30/12/30/kxcw39wqt14n4199/json_thumb.webp,X,노출관측,중간,1.0
2026-08-03,ku4ue03w8dfo3i3i,주황색 깔끔 가을음악축제 안내,2026-07-30,leaflet_3_stages,가을소풍,13,2,O,640,454,1,https://file.miricanvas.com/template_json_thumb/2026/07/30/11/30/ku4ue03w8dfo3i3i/json_thumb.webp,X,노출관측,중간,1.0
2026-08-03,kejcd2kn7kskjyrb,갈색 심플 가을 할인 행사,2026-07-30,groobee_big,가을소풍,108,,O,286,400,1,https://file.miricanvas.com/template_json_thumb/2026/07/30/11/30/kejcd2kn7kskjyrb/json_thumb.webp,X,노출관측,중간,1.0
2026-08-03,kt9obsb888uwq717,주황 심플 가을 이벤트 홍보,2026-07-30,web_post_ver_poster,가을소풍,110,,O,283,400,1,https://file.miricanvas.com/template_json_thumb/2026/07/30/11/30/kt9obsb888uwq717/json_thumb.webp,X,노출관측,중간,1.0
2026-08-03,k7cori2rsv9dnzk2,주황 심플 가을 유치원 뉴스레터,2026-07-30,card_news,가을소풍,50,6,O,400,400,1,https://file.miricanvas.com/template_json_thumb/2026/07/30/10/30/k7cori2rsv9dnzk2/json_thumb.webp,X,노출관측,중간,1.0
2026-08-03,k27up052laadsapn,주황 심플 가을 감사예배 안내,2026-07-30,placard_poster_ver,가을소풍,301,,O,283,400,1,https://file.miricanvas.com/template_json_thumb/2026/07/30/10/30/k27up052laadsapn/json_thumb.webp,X,노출관측,중간,1.0
2026-08-03,k17s3tdst86hk5va,주황 심플 피크닉 콘서트 행사,2026-07-30,banner,가을소풍,69,,O,133,400,1,https://file.miricanvas.com/template_json_thumb/2026/07/30/09/40/k17s3tdst86hk5va/json_thumb.webp,X,노출관측,중간,1.0
2026-08-03,ksawmhy9nnnovgzm,주황 심플 독후감 대회 안내,2026-07-29,placard_poster_ver,가을소풍,11,,O,281,400,1,https://file.miricanvas.com/template_json_thumb/2026/07/29/19/30/ksawmhy9nnnovgzm/json_thumb.webp,X,노출관측,중간,1.0
2026-08-03,kmyjk0kwtkqlncoa,노랑 심플 가을 야유회 안내,2026-07-29,placard_hor,가을소풍,270,,O,1280,230,1,https://file.miricanvas.com/template_json_thumb/2026/07/29/16/30/kmyjk0kwtkqlncoa/json_thumb.webp,X,노출관측,중간,1.0
2026-08-03,koga3ud4gzmxmfrx,주황 심플 가을야유회 행사,2026-07-29,placard_hor,가을소풍,180,,O,1280,230,1,https://file.miricanvas.com/template_json_thumb/2026/07/29/15/30/koga3ud4gzmxmfrx/json_thumb.webp,X,노출관측,중간,1.0
2026-08-03,kq5zxvddfp6kpq8c,주황 심플 가을음악회 안내,2026-07-29,leaflet_2_stages,가을소풍,194,2,O,640,455,1,https://file.miricanvas.com/template_json_thumb/2026/07/29/15/30/kq5zxvddfp6kpq8c/json_thumb.webp,X,노출관측,중간,1.0
2026-08-03,kn0uut6lufppz6eu,주황 심플 가을음악축제 안내,2026-07-29,placard_poster_ver,가을소풍,282,,O,283,400,1,https://file.miricanvas.com/template_json_thumb/2026/07/29/15/30/kn0uut6lufppz6eu/json_thumb.webp,X,노출관측,중간,1.0
2026-08-03,kd1ak5sgp6ragdnx,갈색 심플 가을음악축제 안내,2026-07-29,placard_poster_ver,가을소풍,298,,O,283,400,1,https://file.miricanvas.com/template_json_thumb/2026/07/29/15/30/kd1ak5sgp6ragdnx/json_thumb.webp,X,노출관측,중간,1.0
2026-08-03,kh5ztjy9kez5x61r,하늘색 심플 가을감사예배 안내,2026-07-29,placard_hor,가을소풍,221,,O,1280,230,1,https://file.miricanvas.com/template_json_thumb/2026/07/29/14/30/kh5ztjy9kez5x61r/json_thumb.webp,X,노출관측,중간,1.0
2026-08-03,ko44ze958d7ip2j8,하늘색 심플 가을감사예배 안내,2026-07-29,banner,가을소풍,232,,O,133,400,1,https://file.miricanvas.com/template_json_thumb/2026/07/29/14/30/ko44ze958d7ip2j8/json_thumb.webp,X,노출관측,중간,1.0
2026-08-03,kotqnedje7qzyccl,베이지 깔끔 할인 행사 홍보,2026-07-29,web_post_ver_poster,가을소풍,26,,O,283,400,1,https://file.miricanvas.com/template_json_thumb/2026/07/29/11/30/kotqnedje7qzyccl/json_thumb.webp,X,노출관측,중간,1.0
2026-08-03,k40gfecn1eyhxaep,초록 아기자기한 가을 알밤 탐험대 행사,2026-07-29,presentation,가을소풍,128,11,O,640,360,1,https://file.miricanvas.com/template_json_thumb/2026/07/29/10/30/k40gfecn1eyhxaep/json_thumb.webp,X,노출관측,중간,1.0
2026-08-03,ks8cfxqjettl9xzk,주황 심플 가을 감사 예배 안내,2026-07-29,placard_poster_ver,가을소풍,244,,O,283,400,1,https://file.miricanvas.com/template_json_thumb/2026/07/29/10/30/ks8cfxqjettl9xzk/json_thumb.webp,X,노출관측,중간,1.0
2026-08-03,ksnk8thpwhuej5qp,갈색 깔끔 가을독서 행사 안내,2026-07-29,placard_poster_ver,가을소풍,269,,O,283,400,1,https://file.miricanvas.com/template_json_thumb/2026/07/29/10/30/ksnk8thpwhuej5qp/json_thumb.webp,X,노출관측,중간,1.0
2026-08-03,kj1gmhp6cjdk8y1x,베이지 깔끔 가을음료 메뉴 홍보,2026-07-29,placard_poster_ver,가을소풍,302,,O,283,400,1,https://file.miricanvas.com/template_json_thumb/2026/07/29/09/30/kj1gmhp6cjdk8y1x/json_thumb.webp,X,노출관측,중간,1.0
2026-08-03,kbx4cd7dioziwmew,여기가 얼마나 가을맛집인지 감도안옴 꽃게탕 대하구이 전어구이 포스터,2026-07-28,placard_poster_ver,가을소풍,12,,O,283,400,1,https://file.miricanvas.com/template_json_thumb/2026/07/28/20/30/kbx4cd7dioziwmew/json_thumb.webp,X,노출관측,중간,1.0
2026-08-03,kjw5qr2pwin5ajvc,갈색 깔끔 가을 세일 할인,2026-07-28,instagram_default,가을소풍,90,,O,400,400,1,https://file.miricanvas.com/template_json_thumb/2026/07/28/18/30/kjw5qr2pwin5ajvc/json_thumb.webp,X,노출관측,중간,1.0
2026-08-03,kd0ifk0imkaay08r,주황 심플 가을 특별예배 안내,2026-07-28,placard_poster_ver,가을소풍,129,,O,283,400,1,https://file.miricanvas.com/template_json_thumb/2026/07/28/18/30/kd0ifk0imkaay08r/json_thumb.webp,X,노출관측,중간,1.0
2026-08-03,kn8yw84mjnq1ices,노랑 전통 한가위 축제 안내,2026-07-28,post_card_102_152,가을소풍,140,2,O,272,400,1,https://file.miricanvas.com/template_json_thumb/2026/07/28/18/30/kn8yw84mjnq1ices/json_thumb.webp,X,노출관측,중간,1.0
2026-08-03,k48wz5p3n4t3mahq,노랑 모던 가을 프로모션 홍보,2026-07-28,social_media_square,가을소풍,204,,O,400,400,1,https://file.miricanvas.com/template_json_thumb/2026/07/28/16/30/k48wz5p3n4t3mahq/json_thumb.webp,X,노출관측,중간,1.0
2026-08-03,k2yerkt08gu5ok0z,주황 심플 가을맞이 할인 행사,2026-07-28,web_post_ver_poster,가을소풍,39,,O,283,400,1,https://file.miricanvas.com/template_json_thumb/2026/07/28/15/30/k2yerkt08gu5ok0z/json_thumb.webp,X,노출관측,중간,1.0
2026-08-03,kkthwhbyadhnrjfm,노랑 심플 가을 축제 안내,2026-07-28,web_post_square,가을소풍,88,,O,400,400,1,https://file.miricanvas.com/template_json_thumb/2026/07/28/15/30/kkthwhbyadhnrjfm/json_thumb.webp,X,노출관측,중간,1.0
2026-08-03,k1xid9dok1ynhwen,갈색 깔끔 가을행사 안내,2026-07-28,instagram_image_ver,가을소풍,28,,O,320,400,1,https://file.miricanvas.com/template_json_thumb/2026/07/28/14/30/k1xid9dok1ynhwen/json_thumb.webp,X,노출관측,중간,1.0
2026-08-03,knzfeabet8d3kled,갈색의 낙엽장식이 있는 클래식한 가을세일 프로모션,2026-07-28,instagram_image_ver,가을소풍,147,,O,320,400,1,https://file.miricanvas.com/template_json_thumb/2026/07/28/14/30/knzfeabet8d3kled/json_thumb.webp,X,노출관측,중간,1.0
2026-08-03,ktjeatkzith01anx,베이지 깔끔 추석 어린이 행사 안내,2026-07-28,web_post_ver_poster,가을소풍,240,,O,283,400,1,https://file.miricanvas.com/template_json_thumb/2026/07/28/14/30/ktjeatkzith01anx/json_thumb.webp,X,노출관측,중간,1.0
2026-08-03,ke3k81u1ficvabum,하늘색 클래식 가을 세일 홍보,2026-07-28,instagram_image_ver,가을소풍,251,,O,320,400,1,https://file.miricanvas.com/template_json_thumb/2026/07/28/14/30/ke3k81u1ficvabum/json_thumb.webp,X,노출관측,중간,1.0
2026-08-03,km20bswk637f25ob,주황 심플 과일선물 할인 홍보,2026-07-28,social_media_square,가을소풍,179,,O,400,400,1,https://file.miricanvas.com/template_json_thumb/2026/07/28/11/30/km20bswk637f25ob/json_thumb.webp,X,노출관측,중간,1.0
2026-08-03,ka7yvb401wxw1eyf,갈색 심플 가을 풍경 공모전,2026-07-28,placard_poster_ver,가을소풍,48,,O,283,400,1,https://file.miricanvas.com/template_json_thumb/2026/07/28/10/30/ka7yvb401wxw1eyf/json_thumb.webp,X,노출관측,중간,1.0
2026-08-03,k12mejsj98fai1eb,주황색 복고 가을산행 안내,2026-07-28,placard_hor,가을소풍,243,,O,1280,230,1,https://file.miricanvas.com/template_json_thumb/2026/07/28/10/30/k12mejsj98fai1eb/json_thumb.webp,X,노출관측,중간,1.0
2026-08-03,kgv4666pew6s6iw0,주황 심플 가을피크닉 안내,2026-07-28,placard_poster_ver,가을소풍,16,,O,283,400,1,https://file.miricanvas.com/template_json_thumb/2026/07/28/10/00/kgv4666pew6s6iw0/json_thumb.webp,X,노출관측,중간,1.0
2026-08-03,k8dgp6we4vw0fo3a,하늘색 깔끔 가을 피크닉 안내,2026-07-28,placard_poster_ver,가을소풍,36,,O,283,400,1,https://file.miricanvas.com/template_json_thumb/2026/07/28/10/00/k8dgp6we4vw0fo3a/json_thumb.webp,X,노출관측,중간,1.0
2026-08-03,kld8tzn27jl7q1o4,초록 심플 가을피크닉 안내,2026-07-28,placard_poster_ver,가을소풍,47,,O,283,400,1,https://file.miricanvas.com/template_json_thumb/2026/07/28/10/00/kld8tzn27jl7q1o4/json_thumb.webp,X,노출관측,중간,1.0
2026-08-03,ko9824rdefn55the,노랑 심플 가을피크닉 안내,2026-07-28,placard_poster_ver,가을소풍,58,,O,283,400,1,https://file.miricanvas.com/template_json_thumb/2026/07/28/10/00/ko9824rdefn55the/json_thumb.webp,X,노출관측,중간,1.0
2026-08-03,kxl0dv62iubadqju,AUTUMN CHESTNUT 밤시즌메뉴 포스터,2026-07-28,placard_poster_ver,가을소풍,242,,O,283,400,1,https://file.miricanvas.com/template_json_thumb/2026/07/28/07/30/kxl0dv62iubadqju/json_thumb.webp,X,노출관측,중간,1.0
2026-08-03,khkckk3xuyel7ucm,갈색 미니멀 가을 산책 안내,2026-07-27,social_media_square,가을소풍,99,,O,400,400,1,https://file.miricanvas.com/template_json_thumb/2026/07/27/19/30/khkckk3xuyel7ucm/json_thumb.webp,X,노출관측,중간,1.0
2026-08-03,kasfwsthajmmarp4,갈색 깔끔 가을 세일 홍보,2026-07-27,social_media_square,가을소풍,169,,O,400,400,1,https://file.miricanvas.com/template_json_thumb/2026/07/27/19/30/kasfwsthajmmarp4/json_thumb.webp,X,노출관측,중간,1.0
2026-08-03,kymxs1ttg64vfd7c,갈색 심플 가을맞이 이벤트 홍보,2026-07-27,social_media_square,가을소풍,200,,O,400,400,1,https://file.miricanvas.com/template_json_thumb/2026/07/27/19/30/kymxs1ttg64vfd7c/json_thumb.webp,X,노출관측,중간,1.0
2026-08-03,kiuzht0efz2iexqd,주황 심플 독서인증대회 홍보,2026-07-27,social_media_square,가을소풍,263,,O,400,400,1,https://file.miricanvas.com/template_json_thumb/2026/07/27/19/30/kiuzht0efz2iexqd/json_thumb.webp,X,노출관측,중간,1.0
2026-08-03,k8ojr1r0rvnkdf36,갈색 빈티지 가을 달력 안내,2026-07-27,postcard_calendar_130_180,가을소풍,21,,O,283,400,1,https://file.miricanvas.com/template_json_thumb/2026/07/27/18/30/k8ojr1r0rvnkdf36/json_thumb.webp,X,노출관측,중간,1.0
2026-08-03,kfnp5tdf4qcusca4,노랑 심플 독서 동아리 모집 안내,2026-07-27,social_media_square,가을소풍,107,,O,400,400,1,https://file.miricanvas.com/template_json_thumb/2026/07/27/18/30/kfnp5tdf4qcusca4/json_thumb.webp,X,노출관측,중간,1.0
2026-08-03,k07cwfttlep61679,갈색 심플 가을 세일 홍보,2026-07-27,social_media_square,가을소풍,201,,O,400,400,1,https://file.miricanvas.com/template_json_thumb/2026/07/27/18/30/k07cwfttlep61679/json_thumb.webp,X,노출관측,중간,1.0
2026-08-03,k9p9dlyqvy5kuodi,주황 심플 가을축제 안내,2026-07-27,social_media_square,가을소풍,211,,O,400,400,1,https://file.miricanvas.com/template_json_thumb/2026/07/27/18/30/k9p9dlyqvy5kuodi/json_thumb.webp,X,노출관측,중간,1.0
2026-08-03,kc81s1t2du4atf5a,베이지 미니멀 가을 자연 관찰학습,2026-07-27,ricecake_memo_paper_ver_rect,가을소풍,30,,O,277,400,1,https://file.miricanvas.com/template_json_thumb/2026/07/27/16/30/kc81s1t2du4atf5a/json_thumb.webp,X,노출관측,중간,1.0
2026-08-03,k21hkc614z4az2d3,주황 깔끔 가을 교육 발표,2026-07-27,presentation,가을소풍,159,11,O,640,360,1,https://file.miricanvas.com/template_json_thumb/2026/07/27/16/30/k21hkc614z4az2d3/json_thumb.webp,X,노출관측,중간,1.0
2026-08-03,kcwswhf0ggqh1sz4,노랑 심플 한가위 안내,2026-07-27,fancy_banner_square,가을소풍,222,,O,400,400,1,https://file.miricanvas.com/template_json_thumb/2026/07/27/16/30/kcwswhf0ggqh1sz4/json_thumb.webp,X,노출관측,중간,1.0
2026-08-03,kxb0o48ne2yn0tcu,노랑 심플 가을 관련 이름 찾기 학습지,2026-07-27,general_document_ver,가을소풍,290,,O,283,400,1,https://file.miricanvas.com/template_json_thumb/2026/07/27/16/30/kxb0o48ne2yn0tcu/json_thumb.webp,X,노출관측,중간,1.0
2026-08-03,kfutl0bys41l6zeh,주황 심플 가을맞이 세일 홍보,2026-07-27,social_media_square,가을소풍,19,,O,400,400,1,https://file.miricanvas.com/template_json_thumb/2026/07/27/15/30/kfutl0bys41l6zeh/json_thumb.webp,X,노출관측,중간,1.0
2026-08-03,k9uykk0if6ddqfq4,브라운 심플한 가을 세일 홍보,2026-07-27,instagram_image_ver,가을소풍,203,,O,320,400,1,https://file.miricanvas.com/template_json_thumb/2026/07/27/15/30/k9uykk0if6ddqfq4/json_thumb.webp,X,노출관측,중간,1.0
2026-08-03,k55iixvscqh6w6og,주황 심플 가을 독서 추천서 안내,2026-07-27,web_post_ver_poster,가을소풍,224,,O,283,400,1,https://file.miricanvas.com/template_json_thumb/2026/07/27/15/30/k55iixvscqh6w6og/json_thumb.webp,X,노출관측,중간,1.0
2026-08-03,kl2t80dw7sjwfdtp,베이지 심플 한가위 축제 안내,2026-07-27,poster_ver_print,가을소풍,261,,O,283,400,1,https://file.miricanvas.com/template_json_thumb/2026/07/27/15/30/kl2t80dw7sjwfdtp/json_thumb.webp,X,노출관측,중간,1.0
2026-08-03,k9mpa71jzldww3s8,파스텔톤의 따뜻한 가족 컨셉,2026-07-27,calendar_desk_small,가을소풍,293,28,O,400,387,1,https://file.miricanvas.com/template_json_thumb/2026/07/27/15/20/k9mpa71jzldww3s8/json_thumb.webp,X,노출관측,중간,1.0
2026-08-03,kzt2916ophk1jppk,노랑 심플 가을 북크닉 안내,2026-07-27,banner,가을소풍,96,,O,133,400,1,https://file.miricanvas.com/template_json_thumb/2026/07/27/12/30/kzt2916ophk1jppk/json_thumb.webp,X,노출관측,중간,1.0
2026-08-03,krdkb2vyi3m63i24,노랑 아기자기한 가을 북크닉 독서 행사 안내,2026-07-27,web_post_square,가을소풍,156,,O,400,400,1,https://file.miricanvas.com/template_json_thumb/2026/07/27/12/30/krdkb2vyi3m63i24/json_thumb.webp,X,노출관측,중간,1.0
2026-08-03,kx5fxmph8lzbs6lc,노랑 아기자기한 가을 북크닉 독서모임 안내,2026-07-27,banner,가을소풍,300,,O,133,400,1,https://file.miricanvas.com/template_json_thumb/2026/07/27/12/30/kx5fxmph8lzbs6lc/json_thumb.webp,X,노출관측,중간,1.0
2026-08-03,kudhghvy5f4di6oe,주황 심플 가을 먹거리축제 행사,2026-07-27,placard_poster_ver,가을소풍,77,,O,283,400,1,https://file.miricanvas.com/template_json_thumb/2026/07/27/11/30/kudhghvy5f4di6oe/json_thumb.webp,X,노출관측,중간,1.0
2026-08-03,kwv9r1kksp239wc7,주황색 아기자기한 단풍축제 홍보,2026-07-27,social_media_square,가을소풍,106,,O,400,400,1,https://file.miricanvas.com/template_json_thumb/2026/07/27/11/30/kwv9r1kksp239wc7/json_thumb.webp,X,노출관측,중간,1.0
2026-08-03,k1w7s6h974cs7t6e,주황색 아기자기한 단풍축제 홍보,2026-07-27,web_post_hor_poster,가을소풍,120,,O,640,452,1,https://file.miricanvas.com/template_json_thumb/2026/07/27/11/30/k1w7s6h974cs7t6e/json_thumb.webp,X,노출관측,중간,1.0
2026-08-03,kv85widj3wtmhd2j,가을 감성 심플 안내,2026-07-27,card_news,가을소풍,68,5,O,400,400,1,https://file.miricanvas.com/template_json_thumb/2026/07/27/10/30/kv85widj3wtmhd2j/json_thumb.webp,X,노출관측,중간,1.0
2026-08-03,ks7vgstb0p8n9hfw,노랑 심플 가을 풍경 공지,2026-07-27,poster_ver_print,가을소풍,10,,O,283,400,1,https://file.miricanvas.com/template_thumb/2026/07/27/09/30/ks7vgstb0p8n9hfw/thumb.webp,X,노출관측,중간,1.0
2026-08-03,kyq35wz1iire3e3i,하늘색 미니멀 가을 음악축제 안내,2026-07-27,placard_poster_ver,가을소풍,18,,O,283,400,1,https://file.miricanvas.com/template_json_thumb/2026/07/27/09/30/kyq35wz1iire3e3i/json_thumb.webp,X,노출관측,중간,1.0
2026-08-03,k8bc2wdjr7lyctd3,주황 심플 가을 소풍 안내,2026-07-27,placard_poster_ver,가을소풍,29,,O,283,400,1,https://file.miricanvas.com/template_json_thumb/2026/07/27/09/30/k8bc2wdjr7lyctd3/json_thumb.webp,X,노출관측,중간,1.0
2026-08-03,kit3x0ccagy1r6iw,갈색 빈티지 책 친구 모집 안내,2026-07-27,post_card_90_90,가을소풍,70,,O,400,400,1,https://file.miricanvas.com/template_json_thumb/2026/07/27/09/30/kit3x0ccagy1r6iw/json_thumb.webp,X,노출관측,중간,1.0
2026-08-03,k3f8za28bexwk0uz,갈색 깔끔 가을 기획전 할인 행사,2026-07-27,placard_poster_ver,가을소풍,116,,O,283,400,1,https://file.miricanvas.com/template_json_thumb/2026/07/27/09/30/k3f8za28bexwk0uz/json_thumb.webp,X,노출관측,중간,1.0
2026-08-03,k13fa4s4c499t741,주황색 심플 가을 독후감 대회 안내,2026-07-27,placard_poster_ver,가을소풍,139,,O,283,400,1,https://file.miricanvas.com/template_json_thumb/2026/07/27/09/30/k13fa4s4c499t741/json_thumb.webp,X,노출관측,중간,1.0
2026-08-03,knr69fzo277xwqqc,주황 심플 북페어 안내,2026-07-27,placard_poster_ver,가을소풍,157,,O,283,400,1,https://file.miricanvas.com/template_json_thumb/2026/07/27/09/30/knr69fzo277xwqqc/json_thumb.webp,X,노출관측,중간,1.0
2026-08-03,kcjbun08pvlyc6gm,주황 심플 추석 연휴기간 쓰레기 수거 안내,2026-07-27,mobile_sub_img2,가을소풍,176,,O,1890,340,1,https://file.miricanvas.com/template_json_thumb/2026/07/27/09/30/kcjbun08pvlyc6gm/json_thumb.webp,X,노출관측,중간,1.0
2026-08-03,kt8ffnl7blaavlyk,주황 심플 가을 산행 안내,2026-07-27,mobile_sub_img2,가을소풍,193,,O,1280,230,1,https://file.miricanvas.com/template_json_thumb/2026/07/27/09/30/kt8ffnl7blaavlyk/json_thumb.webp,X,노출관측,중간,1.0
2026-08-03,kh2sfumb6sq9c1ym,갈색 모던 가을 음료 메뉴 홍보,2026-07-27,poster_ver_print,가을소풍,253,,O,283,400,1,https://file.miricanvas.com/template_json_thumb/2026/07/27/09/30/kh2sfumb6sq9c1ym/json_thumb.webp,X,노출관측,중간,1.0
2026-08-03,kdmm43e43kz2d0ig,갈색 빈티지 책 친구 모집 안내,2026-07-27,banner,가을소풍,292,,O,133,400,1,https://file.miricanvas.com/template_json_thumb/2026/07/27/09/30/kdmm43e43kz2d0ig/json_thumb.webp,X,노출관측,중간,1.0
2026-08-03,kx4kv7q5tcnpmyl1,노랑 모던 계절 포트폴리오,2026-07-24,calendar_desk_small,가을소풍,208,28,O,400,387,1,https://file.miricanvas.com/template_json_thumb/2026/07/24/17/50/kx4kv7q5tcnpmyl1/json_thumb.webp,X,노출관측,중간,1.0
2026-08-03,kq0un31thbc433sw,주황 심플 가을음악축제 안내,2026-07-24,placard_poster_ver,가을소풍,223,,O,282,400,1,https://file.miricanvas.com/template_json_thumb/2026/07/24/16/30/kq0un31thbc433sw/json_thumb.webp,X,노출관측,중간,1.0
2026-08-03,ksule6zae9ics675,밤 바스크 치즈케이크 포스터,2026-07-24,placard_poster_ver,가을소풍,249,,O,283,400,1,https://file.miricanvas.com/template_json_thumb/2026/07/24/16/30/ksule6zae9ics675/json_thumb.webp,X,노출관측,중간,1.0
2026-08-03,k28winopyohmbyx9,주황색 기본 먹거리축제 안내,2026-07-24,placard_poster_ver,가을소풍,46,,O,283,400,1,https://file.miricanvas.com/template_json_thumb/2026/07/24/13/30/k28winopyohmbyx9/json_thumb.webp,X,노출관측,중간,1.0
2026-08-03,kswnt8iut2egpzd2,갈색 한국적 가을사진 공모전 안내,2026-07-24,placard_poster_ver,가을소풍,49,,O,283,400,1,https://file.miricanvas.com/template_json_thumb/2026/07/24/13/30/kswnt8iut2egpzd2/json_thumb.webp,X,노출관측,중간,1.0
2026-08-03,kas46fzpltznsomn,주황 심플 가을산행 안내,2026-07-24,placard_hor,가을소풍,150,,O,1280,230,1,https://file.miricanvas.com/template_json_thumb/2026/07/24/13/30/kas46fzpltznsomn/json_thumb.webp,X,노출관측,중간,1.0
2026-08-03,kgx7uh2bvauej2rc,갈색 빈티지 책 친구 모집 안내,2026-07-24,placard_square,가을소풍,280,,O,400,400,1,https://file.miricanvas.com/template_json_thumb/2026/07/24/13/30/kgx7uh2bvauej2rc/json_thumb.webp,X,노출관측,중간,1.0
2026-08-03,k0fccjy75fk5nm93,주황 깔끔 비즈시 가을시 공모전 안내,2026-07-24,placard_poster_ver,가을소풍,190,,O,283,400,1,https://file.miricanvas.com/template_json_thumb/2026/07/24/09/30/k0fccjy75fk5nm93/json_thumb.webp,X,노출관측,중간,1.0
2026-08-03,kbknyxqrbayhzk54,주황 심플 독후감 공모전 안내,2026-07-23,placard_poster_ver,가을소풍,4,,O,283,400,1,https://file.miricanvas.com/template_json_thumb/2026/07/23/13/30/kbknyxqrbayhzk54/json_thumb.webp,X,노출관측,중간,1.0
2026-08-03,koef6lhit7ydvd68,주황 깔끔 가을산행 안내,2026-07-23,placard_hor,가을소풍,5,,O,1280,230,1,https://file.miricanvas.com/template_json_thumb/2026/07/23/13/30/koef6lhit7ydvd68/json_thumb.webp,X,노출관측,중간,1.0
2026-08-03,khrfqs3ciwgm8yq0,노랑 아기자기한 가을 먹거리 축제 안내,2026-07-23,poster_ver_print,가을소풍,78,,O,283,400,1,https://file.miricanvas.com/template_json_thumb/2026/07/23/13/30/khrfqs3ciwgm8yq0/json_thumb.webp,X,노출관측,중간,1.0
2026-08-03,keafyj0v0sg3y57u,심플 가을 먹거리 축제 안내,2026-07-23,placard_poster_ver,가을소풍,97,,O,283,400,1,https://file.miricanvas.com/template_json_thumb/2026/07/23/09/30/keafyj0v0sg3y57u/json_thumb.webp,X,노출관측,중간,1.0
2026-08-03,ktd47e3ydot1z4su,노랑 산뜻 가을감사예배 안내,2026-07-23,web_post_ver_poster,가을소풍,148,,O,283,400,1,https://file.miricanvas.com/template_json_thumb/2026/07/23/09/30/ktd47e3ydot1z4su/json_thumb.webp,X,노출관측,중간,1.0
2026-08-03,ko6fmzheqfj9q4lo,하늘색 심플 가을감사예배 안내,2026-07-23,placard_poster_ver,가을소풍,210,,O,283,400,1,https://file.miricanvas.com/template_json_thumb/2026/07/23/09/30/ko6fmzheqfj9q4lo/json_thumb.webp,X,노출관측,중간,1.0
2026-08-03,kafhz73jai2osjr4,노랑 심플 도시 홍보,2026-07-22,wall_calendar_1_2,가을소풍,161,15,O,198,400,1,https://file.miricanvas.com/template_json_thumb/2026/07/22/17/20/kafhz73jai2osjr4/json_thumb.webp,X,노출관측,중간,1.0
2026-08-03,k8e1qto55r1lsv98,주황 심플 가을 사진 공모전,2026-07-22,placard_poster_ver,가을소풍,146,,O,283,400,1,https://file.miricanvas.com/template_json_thumb/2026/07/22/13/30/k8e1qto55r1lsv98/json_thumb.webp,X,노출관측,중간,1.0
2026-08-03,k0ek8ciuu011nwqd,주황색 아기자기한 추수감사예배 안내,2026-07-22,web_post_ver_poster,가을소풍,136,,O,283,400,1,https://file.miricanvas.com/template_json_thumb/2026/07/22/12/30/k0ek8ciuu011nwqd/json_thumb.webp,X,노출관측,중간,1.0
2026-08-03,k7wpl66tcy9q8u5v,주황색 아기자기한 가을소풍 안내,2026-07-22,web_post_ver_poster,가을소풍,137,,O,283,400,1,https://file.miricanvas.com/template_json_thumb/2026/07/22/12/30/k7wpl66tcy9q8u5v/json_thumb.webp,X,노출관측,중간,1.0
2026-08-03,kcbwugqgjrt8k9e5,주황 심플 추석연휴 택배송 안내,2026-07-22,web_post_square,가을소풍,158,,O,400,400,1,https://file.miricanvas.com/template_json_thumb/2026/07/22/12/30/kcbwugqgjrt8k9e5/json_thumb.webp,X,노출관측,중간,1.0
2026-08-03,k9g6v5n7o71bzflf,주황색 아기자기한 가을소풍 안내,2026-07-22,web_post_hor_poster,가을소풍,202,,O,640,452,1,https://file.miricanvas.com/template_json_thumb/2026/07/22/12/30/k9g6v5n7o71bzflf/json_thumb.webp,X,노출관측,중간,1.0
2026-08-03,klxc50virjm0prm2,주황색 아기자기한 가을소풍 안내,2026-07-22,social_media_square,가을소풍,191,,O,400,400,1,https://file.miricanvas.com/template_json_thumb/2026/07/22/10/30/klxc50virjm0prm2/json_thumb.webp,X,노출관측,중간,1.0
2026-08-03,k9hkri9stwmuciz0,주황 심플 가을 워크숍 안내,2026-07-22,placard_hor,가을소풍,250,,O,1280,230,1,https://file.miricanvas.com/template_json_thumb/2026/07/22/10/30/k9hkri9stwmuciz0/json_thumb.webp,X,노출관측,중간,1.0
2026-08-03,k1p1l6fmry64rbkf,주황 아기자기한 가을 공모전 안내,2026-07-21,placard_poster_ver,가을소풍,80,,O,283,400,1,https://file.miricanvas.com/template_json_thumb/2026/07/21/18/30/k1p1l6fmry64rbkf/json_thumb.webp,X,노출관측,중간,1.0
2026-08-03,kxqmk71q4whwiayr,주황 아기자기한 가을 먹거리 축제 안내,2026-07-21,web_post_ver_poster,가을소풍,109,,O,283,400,1,https://file.miricanvas.com/template_json_thumb/2026/07/21/18/30/kxqmk71q4whwiayr/json_thumb.webp,X,노출관측,중간,1.0
2026-08-03,kc6jebea10gsoneg,주황 심플 가을여행 안내,2026-07-21,card_news,가을소풍,79,5,O,400,400,1,https://file.miricanvas.com/template_json_thumb/2026/07/21/17/30/kc6jebea10gsoneg/json_thumb.webp,X,노출관측,중간,1.0
2026-08-03,k7mqbjzg9a9omddi,갈색 감성 가을 세일 홍보,2026-07-21,poster_ver_print,가을소풍,230,,O,283,400,1,https://file.miricanvas.com/template_json_thumb/2026/07/21/17/30/k7mqbjzg9a9omddi/json_thumb.webp,X,노출관측,중간,1.0
2026-08-03,k0wmnte60e23dg5j,주황색 심플 가을 체험 활동 안내,2026-07-21,general_document_ver,가을소풍,214,,O,283,400,1,https://file.miricanvas.com/template_json_thumb/2026/07/21/16/30/k0wmnte60e23dg5j/json_thumb.webp,X,노출관측,중간,1.0
2026-08-03,kmmvez2a3wkhz4eo,노랑 깔끔 가을독서 캠페인 안내,2026-07-21,web_post_square,가을소풍,57,,O,400,400,1,https://file.miricanvas.com/template_thumb/2026/07/21/15/30/kmmvez2a3wkhz4eo/thumb.webp,X,노출관측,중간,1.0
2026-08-03,ke9c8c97hqgyr8vr,주황 심플 가을독서 캠페인 안내,2026-07-21,social_media_square,가을소풍,119,,O,400,400,1,https://file.miricanvas.com/template_thumb/2026/07/21/15/30/ke9c8c97hqgyr8vr/thumb.webp,X,노출관측,중간,1.0
2026-08-03,kc08c822k48io8jh,하늘색 심플 가을맞이 축제 안내,2026-07-21,social_media_square,가을소풍,160,,O,400,400,1,https://file.miricanvas.com/template_json_thumb/2026/07/21/15/30/kc08c822k48io8jh/json_thumb.webp,X,노출관측,중간,1.0
2026-08-03,k2f1zvveukj3ty43,주황 심플 아기자기한 가을맞이 할인행사 이벤트 홍보 안내,2026-07-21,social_media_square,가을소풍,166,,O,400,400,1,https://file.miricanvas.com/template_thumb/2026/07/21/15/30/k2f1zvveukj3ty43/thumb.webp,X,노출관측,중간,1.0
2026-08-03,kcvaovolp198hrrd,주황 심플 아기자기한 가을맞이 할인행사 이벤트 홍보 안내,2026-07-21,instagram_image_ver,가을소풍,167,,O,320,400,1,https://file.miricanvas.com/template_thumb/2026/07/21/15/30/kcvaovolp198hrrd/thumb.webp,X,노출관측,중간,1.0
2026-08-03,k9emmn5715w2wa3v,빨강 심플 가을 세일 홍보,2026-07-21,social_media_square,가을소풍,262,,O,400,400,1,https://file.miricanvas.com/template_json_thumb/2026/07/21/15/30/k9emmn5715w2wa3v/json_thumb.webp,X,노출관측,중간,1.0
2026-08-03,k3161lk6958942jk,주황 심플 가을 세일 홍보,2026-07-21,web_post_ver_poster,가을소풍,272,,O,283,400,1,https://file.miricanvas.com/template_json_thumb/2026/07/21/15/30/k3161lk6958942jk/json_thumb.webp,X,노출관측,중간,1.0
2026-08-03,ky3q20zfneto17bq,베이지 아기자기한 가을 축제 안내,2026-07-21,social_media_square,가을소풍,170,,O,400,400,1,https://file.miricanvas.com/template_json_thumb/2026/07/21/14/30/ky3q20zfneto17bq/json_thumb.webp,X,노출관측,중간,1.0
2026-08-03,kh7o1125q5q1o5r3,주황 심플 가을 이벤트 프로모션,2026-07-20,instagram_image_ver,가을소풍,118,,O,320,400,1,https://file.miricanvas.com/template_thumb/2026/07/20/14/30/kh7o1125q5q1o5r3/thumb.webp,X,노출관측,중간,1.0
2026-08-03,khgqs2ybnpsosdnr,노랑 깔끔 추수감사예배 안내,2026-07-20,sticker_square,가을소풍,17,,O,400,400,1,https://file.miricanvas.com/template_json_thumb/2026/07/20/13/30/khgqs2ybnpsosdnr/json_thumb.webp,X,노출관측,중간,1.0
2026-08-03,kiyg1btzig662wgt,베이지 가을특가 할인 홍보,2026-07-20,social_media_square,가을소풍,178,,O,400,400,1,https://file.miricanvas.com/template_json_thumb/2026/07/20/13/30/kiyg1btzig662wgt/json_thumb.webp,X,노출관측,중간,1.0
2026-08-03,kovbm33vpnl448uh,주황 전통 추석 안내,2026-07-20,placard_hor,가을소풍,189,,O,1280,230,1,https://file.miricanvas.com/template_json_thumb/2026/07/20/09/30/kovbm33vpnl448uh/json_thumb.webp,X,노출관측,중간,1.0
2026-08-03,ke19ukhcqrqfbztb,주황색 아기자기한 단풍축제 안내,2026-07-17,web_post_ver_poster,가을소풍,130,,O,283,400,1,https://file.miricanvas.com/template_json_thumb/2026/07/17/10/30/ke19ukhcqrqfbztb/json_thumb.webp,X,노출관측,중간,1.0
2026-08-03,kn4sdduvbu98c8so,주황색 깔끔 가을 특별예배 안내,2026-07-16,placard_poster_ver,가을소풍,89,,O,283,400,1,https://file.miricanvas.com/template_json_thumb/2026/07/16/09/30/kn4sdduvbu98c8so/json_thumb.webp,X,노출관측,중간,1.0
2026-08-03,kgh5opuqmm6681pt,주황 심플 가을 캠핑 행사,2026-07-15,web_post_square,가을소풍,126,,O,400,400,1,https://file.miricanvas.com/template_json_thumb/2026/07/15/12/30/kgh5opuqmm6681pt/json_thumb.webp,X,노출관측,중간,1.0
2026-08-03,k3sjstse75c06yzk,주황 심플 가을캠핑 행사,2026-07-15,banner,가을소풍,192,,O,133,400,1,https://file.miricanvas.com/template_json_thumb/2026/07/15/12/30/k3sjstse75c06yzk/json_thumb.webp,X,노출관측,중간,1.0
2026-08-03,k4xkxsxoeyhw0igx,주황색 아기자기한 가을 할인 이벤트 안내,2026-07-15,social_media_square,가을소풍,291,,O,400,400,1,https://file.miricanvas.com/template_json_thumb/2026/07/15/12/30/k4xkxsxoeyhw0igx/json_thumb.webp,X,노출관측,중간,1.0
2026-08-03,kzkysqyyigv6kkyk,가을맞이 브랜드위크 시즌 홍보,2026-07-14,instagram_image_ver,가을소풍,59,,O,320,400,1,https://file.miricanvas.com/template_json_thumb/2026/07/14/15/30/kzkysqyyigv6kkyk/json_thumb.webp,X,노출관측,중간,1.0
2026-08-03,k5ndhq38edhhp621,주황색 아기자기한 가을 세일 안내,2026-07-14,web_post_hor_poster,가을소풍,241,,O,640,452,1,https://file.miricanvas.com/template_json_thumb/2026/07/14/15/30/k5ndhq38edhhp621/json_thumb.webp,X,노출관측,중간,1.0
2026-08-03,kl3vsqg3vav0p7y8,가을맞이 브랜드위크 시즌 홍보,2026-07-14,web_post_ver_poster,가을소풍,60,,O,283,400,1,https://file.miricanvas.com/template_json_thumb/2026/07/14/13/30/kl3vsqg3vav0p7y8/json_thumb.webp,X,노출관측,중간,1.0
2026-08-03,k09ytbigo1evu674,따뜻한 가을 휴무안내 공지,2026-07-14,web_post_ver_poster,가을소풍,233,,O,283,400,1,https://file.miricanvas.com/template_json_thumb/2026/07/14/13/30/k09ytbigo1evu674/json_thumb.webp,X,노출관측,중간,1.0
2026-08-03,krzuxj25eodb7npn,가을맞이 브랜드위크 시즌 홍보,2026-07-14,social_media_square,가을소풍,138,,O,400,400,1,https://file.miricanvas.com/template_json_thumb/2026/07/14/12/30/krzuxj25eodb7npn/json_thumb.webp,X,노출관측,중간,1.0
2026-08-03,k4mjy8lg2f2w72wm,따뜻한 가을 휴무안내 공지,2026-07-14,social_media_square,가을소풍,231,,O,400,400,1,https://file.miricanvas.com/template_json_thumb/2026/07/14/12/30/k4mjy8lg2f2w72wm/json_thumb.webp,X,노출관측,중간,1.0
2026-08-03,kjdizer1lmn6e9et,주황 심플 가을축제 행사,2026-07-13,poster_ver_print,가을소풍,100,,O,283,400,1,https://file.miricanvas.com/template_thumb/2026/07/13/19/30/kjdizer1lmn6e9et/thumb.webp,X,노출관측,중간,1.0
2026-08-03,k8mli9tr7ejqqd5l,주황색 아기자기한 가을세일 홍보,2026-07-13,web_post_ver_poster,가을소풍,279,,O,283,400,1,https://file.miricanvas.com/template_json_thumb/2026/07/13/18/30/k8mli9tr7ejqqd5l/json_thumb.webp,X,노출관측,중간,1.0
2026-08-03,kk9f1o5cl77dtp7g,주황 심플 가을축제 안내,2026-07-13,placard_hor,가을소풍,14,,O,1280,230,1,https://file.miricanvas.com/template_json_thumb/2026/07/13/08/30/kk9f1o5cl77dtp7g/json_thumb.webp,X,노출관측,중간,1.0
2026-08-03,kn2z5dehlr0icm95,가을색깔 전통 가을 산행 행사,2026-07-13,placard_hor,가을소풍,22,,O,1280,230,1,https://file.miricanvas.com/template_json_thumb/2026/07/13/08/30/kn2z5dehlr0icm95/json_thumb.webp,X,노출관측,중간,1.0
2026-08-03,kxetjrnksuun8yii,주황 심플 추석 행사,2026-07-13,placard_hor,가을소풍,23,,O,1280,230,1,https://file.miricanvas.com/template_json_thumb/2026/07/13/08/30/kxetjrnksuun8yii/json_thumb.webp,X,노출관측,중간,1.0
2026-08-03,ked4b2ig425fcx65,주황 깔끔 추석 안내,2026-07-13,placard_hor,가을소풍,35,,O,1890,340,1,https://file.miricanvas.com/template_json_thumb/2026/07/13/08/30/ked4b2ig425fcx65/json_thumb.webp,X,노출관측,중간,1.0
2026-08-03,k848ny24ng0tevsw,주황색 아기자기한 가을 세일 홍보,2026-07-07,web_post_hor_poster,가을소풍,254,,O,640,452,1,https://file.miricanvas.com/template_json_thumb/2026/07/07/19/30/k848ny24ng0tevsw/json_thumb.webp,X,노출관측,중간,1.0
2026-08-03,kixm0ubl36psjk2c,카키 아기자기한 가을 소풍 안내,2026-07-07,web_post_ver_poster,가을소풍,6,,O,283,400,1,https://file.miricanvas.com/template_json_thumb/2026/07/07/18/30/kixm0ubl36psjk2c/json_thumb.webp,X,노출관측,중간,1.0
2026-08-03,kdkf7k2uv695b2mr,노랑 심플 가을독서 행사,2026-07-07,web_post_ver_poster,가을소풍,212,,O,283,400,1,https://file.miricanvas.com/template_json_thumb/2026/07/07/18/30/kdkf7k2uv695b2mr/json_thumb.webp,X,노출관측,중간,1.0
2026-08-03,kb6l03p9bnwtks0b,주황 심플 가을맞이 세일 홍보,2026-07-07,web_post_ver_poster,가을소풍,271,,O,283,400,1,https://file.miricanvas.com/template_json_thumb/2026/07/07/18/30/kb6l03p9bnwtks0b/json_thumb.webp,X,노출관측,중간,1.0
2026-08-03,ks6v7f15ju0dv0j1,주황 심플 가을축제 안내,2026-07-02,paper_cup_13,가을소풍,15,,O,800,403,1,https://file.miricanvas.com/template_json_thumb/2026/07/02/14/30/ks6v7f15ju0dv0j1/json_thumb.webp,O,노출기반후보,중간,1.0
2026-08-03,kdsmbcn31zcgh2um,주황 심플 가을 캠핑 행사,2026-06-30,web_post_ver_poster,가을소풍,234,,O,891,1260,1,https://file.miricanvas.com/template_json_thumb/2026/06/30/11/30/kdsmbcn31zcgh2um/json_thumb.webp,X,노출관측,중간,1.0
2026-08-03,kla68816yr26hbvy,주황 심플 가을 단풍축제 행사,2026-06-29,web_post_ver_poster,가을소풍,7,,O,283,400,1,https://file.miricanvas.com/template_json_thumb/2026/06/29/11/30/kla68816yr26hbvy/json_thumb.webp,O,노출기반후보,중간,1.0
2026-08-03,kmcks9rwga1nk3ne,갈색 심플 가을맞이 세일 행사,2026-06-29,web_post_ver_poster,가을소풍,299,,O,283,400,1,https://file.miricanvas.com/template_json_thumb/2026/06/29/11/30/kmcks9rwga1nk3ne/json_thumb.webp,X,노출관측,중간,1.0
2026-08-03,kchs4hhh46jps7kw,주황 심플 가을 산행 안내,2026-06-22,social_media_square,가을소풍,252,,O,400,400,1,https://file.miricanvas.com/template_json_thumb/2026/06/22/15/30/kchs4hhh46jps7kw/json_thumb.webp,X,노출관측,중간,1.0
2026-08-03,kpeznni1088doqy1,노랑 심플 가을맞이 행사,2026-03-26,web_post_ver_poster,가을소풍,32,,O,283,400,1,https://file.miricanvas.com/template_thumb/2026/03/26/14/20/kpeznni1088doqy1/thumb.webp,X,노출관측,중간,1.0
2026-08-03,kihm1vpre36pc0to,주황 아기자기한 가을 행사 안내,2026-01-29,web_post_ver_poster,가을소풍,287,,O,283,400,1,https://file.miricanvas.com/template_thumb/2026/01/29/17/30/kihm1vpre36pc0to/thumb.webp,X,노출관측,중간,1.0
2026-08-03,kmr8ntsq9bfhc2wv,베이지와 노랑 깔끔한 행사 안내,2025-12-15,web_post_ver_poster,가을소풍,294,,O,283,400,1,https://file.miricanvas.com/template_thumb/2025/12/15/12/30/kmr8ntsq9bfhc2wv/thumb.webp,X,노출관측,중간,1.0
2026-08-03,kc614el4oijy0qnl,가을 들판에서 캠핑 피크닉을 즐기는 사람 일러스트와 쿠폰 아이콘으로 포인트를 준 가을 쇼핑 할인 기획전,2025-11-15,banner,가을소풍,31,,O,133,400,1,https://file.miricanvas.com/template_thumb/2025/11/15/19/00/kc614el4oijy0qnl/thumb.webp,X,노출관측,중간,1.0
2026-08-03,ksj8cyfp9ab4ojb9,베이지 아기자기한 도서관 안내,2025-11-12,general_document_ver,가을소풍,9,,O,283,400,1,https://file.miricanvas.com/template_thumb/2025/11/12/11/30/ksj8cyfp9ab4ojb9/thumb.webp,O,노출기반후보,중간,1.0
2026-08-03,kb83o0ugn5rh9ofb,베이지 레트로 캠핑 홍보 포스터,2025-11-11,web_post_ver_poster,가을소풍,219,,O,283,400,1,https://file.miricanvas.com/template_thumb/2025/11/11/22/30/kb83o0ugn5rh9ofb/thumb.webp,X,노출관측,중간,1.0
2026-08-03,kjnywz3iw31voto4,그린 엘레강트 가을 메뉴 프로모션 포스터,2025-11-09,web_post_ver_poster,가을소풍,276,,O,283,400,1,https://file.miricanvas.com/template_thumb/2025/11/09/19/30/kjnywz3iw31voto4/thumb.webp,X,노출관측,중간,1.0
2026-08-03,ku79i4kl954lvafs,하늘색 심플 이벤트 홍보,2025-11-05,instagram_video_post,가을소풍,84,2,O,400,400,1,https://file.miricanvas.com/template_thumb/2025/11/05/01/00/ku79i4kl954lvafs/thumb.webp,X,노출관측,중간,1.0
2026-08-03,k9livsvad75uydjm,가을 들판 꽃밭에서 소풍을 즐기는 사람들의 모습을 담은 일러스트로 포인트를 준 가을 쇼핑 할인 기획전,2025-10-31,poster_ver_print,가을소풍,1,,O,283,400,1,https://file.miricanvas.com/template_thumb/2025/10/31/19/00/k9livsvad75uydjm/thumb.webp,O,노출기반후보,중간,1.0
2026-08-03,kgq2e3g30cehkq47,베이지색 심플 피크닉 발표 포스터,2025-10-28,web_post_ver_poster,가을소풍,45,,O,267,400,1,https://file.miricanvas.com/template_thumb/2025/10/28/11/00/kgq2e3g30cehkq47/thumb.webp,X,노출관측,중간,1.0
2026-08-03,k9xmgatcyd9pljpj,주황 전통 추수감사절 예배 안내,2025-10-23,placard_square,가을소풍,143,,O,400,400,1,https://file.miricanvas.com/template_thumb/2025/10/23/13/30/k9xmgatcyd9pljpj/thumb.webp,X,노출관측,중간,1.0
2026-08-03,kok8zw6di18uiu3n,주황 전통 추수감사절 예배 안내,2025-10-23,banner,가을소풍,285,,O,133,400,1,https://file.miricanvas.com/template_thumb/2025/10/23/13/30/kok8zw6di18uiu3n/thumb.webp,X,노출관측,중간,1.0
2026-08-03,kodfvfpq3rwwfnir,주황 모던 여행 프로모션,2025-10-16,social_media_square,가을소풍,257,,O,400,400,1,https://file.miricanvas.com/template_thumb/2025/10/16/09/30/kodfvfpq3rwwfnir/thumb.webp,X,노출관측,중간,1.0
2026-08-03,k1afuwt8ycv4jzso,주황 한국적 가을 예배 안내,2025-09-30,social_media_square,가을소풍,63,,O,400,400,1,https://file.miricanvas.com/template_thumb/2025/09/30/17/30/k1afuwt8ycv4jzso/thumb.webp,X,노출관측,중간,1.0
2026-08-03,kwn6di3bj6qk59fp,주황 한국적 가을 예배 안내,2025-09-30,placard_poster_hor,가을소풍,229,,O,640,453,1,https://file.miricanvas.com/template_thumb/2025/09/30/17/30/kwn6di3bj6qk59fp/thumb.webp,X,노출관측,중간,1.0
2026-08-03,k2iy0xdkjaftpdk2,베이지 모던 패션 프로모션 인스타그램 게시물,2025-09-29,instagram_image_ver,가을소풍,101,,O,320,400,1,https://file.miricanvas.com/template_thumb/2025/09/29/13/30/k2iy0xdkjaftpdk2/thumb.webp,X,노출관측,중간,1.0
2026-08-03,kdvm76w9tbn59jgt,주황 아기자기한 가을 공모전 안내,2025-09-29,placard_poster_ver,가을소풍,73,,O,281,400,1,https://file.miricanvas.com/template_thumb/2025/09/29/07/30/kdvm76w9tbn59jgt/thumb.webp,X,노출관측,중간,1.0
2026-08-03,kvolihvd16928qi6,주황 아기자기한 가을 시즌 프로모션 광고,2025-09-25,card_news,가을소풍,71,6,O,400,400,1,https://file.miricanvas.com/template_thumb/2025/09/25/17/20/kvolihvd16928qi6/thumb.webp,X,노출관측,중간,1.0
2026-08-03,k4ljin359rjw8zpy,오렌지 모던 가을 하이킹 안내,2025-09-23,web_post_ver_poster,가을소풍,64,,O,283,400,1,https://file.miricanvas.com/template_thumb/2025/09/23/18/10/k4ljin359rjw8zpy/thumb.webp,X,노출관측,중간,1.0
2026-08-03,kbkrw9u9oa6z9odb,주황 한국적 가을 예배 안내,2025-09-22,placard_poster_ver,가을소풍,102,,O,282,400,1,https://file.miricanvas.com/template_thumb/2025/09/22/07/30/kbkrw9u9oa6z9odb/thumb.webp,X,노출관측,중간,1.0
2026-08-03,kl702jsso17z4vy7,주황 전통 추수감사절 예배 안내,2025-09-19,placard_poster_ver,가을소풍,65,,O,283,400,1,https://file.miricanvas.com/template_thumb/2025/09/19/14/30/kl702jsso17z4vy7/thumb.webp,X,노출관측,중간,1.0
2026-08-03,khtv04m2ttkw4nfk,하늘색 아기자기한 독서 이벤트 안내,2025-09-19,web_post_ver_poster,가을소풍,187,,O,283,400,1,https://file.miricanvas.com/template_thumb/2025/09/19/10/40/khtv04m2ttkw4nfk/thumb.webp,X,노출관측,중간,1.0
2026-08-03,kvnpt7vs70zmv7k5,주황 심플 독서 이벤트 안내,2025-09-19,web_post_ver_poster,가을소풍,295,,O,891,1260,1,https://file.miricanvas.com/template_thumb/2025/09/19/10/40/kvnpt7vs70zmv7k5/thumb.webp,X,노출관측,중간,1.0
2026-08-03,k75qlzpg5jugmuu9,주황 아기자기한 가을 프로그램 안내,2025-09-16,web_post_ver_poster,가을소풍,284,,O,283,400,1,https://file.miricanvas.com/template_thumb/2025/09/16/10/10/k75qlzpg5jugmuu9/thumb.webp,X,노출관측,중간,1.0
2026-08-03,khc6klnj1rnae53l,갈색 클래식 가을 세일 행사,2025-09-11,banner,가을소풍,94,,O,133,400,1,https://file.miricanvas.com/template_thumb/2025/09/11/07/30/khc6klnj1rnae53l/thumb.webp,X,노출관측,중간,1.0
2026-08-03,kzzf411dpwy8uznz,갈색 클래식 가을 세일 행사,2025-09-11,placard_square,가을소풍,155,,O,400,400,1,https://file.miricanvas.com/template_thumb/2025/09/11/07/30/kzzf411dpwy8uznz/thumb.webp,X,노출관측,중간,1.0
2026-08-03,kxc9br0u8pxnhjfm,갈색 클래식 가을 세일 행사,2025-09-01,clear_poster_ver,가을소풍,52,,O,282,400,1,https://file.miricanvas.com/template_thumb/2025/09/01/07/30/kxc9br0u8pxnhjfm/thumb.webp,X,노출관측,중간,1.0
2026-08-03,kx6u3hqh2xo5g4ao,베이지 아기자기한 축제 안내,2025-08-28,card_news,가을소풍,8,5,O,400,400,1,https://file.miricanvas.com/template_thumb/2025/08/28/12/30/kx6u3hqh2xo5g4ao/thumb.webp,O,노출기반후보,중간,1.0
2026-08-03,kxbvdp3jgrkni3zo,핑크 모던 페스티벌 발표 포스터,2025-03-04,web_post_ver_poster,가을소풍,163,,O,283,400,1,https://file.miricanvas.com/template_thumb/2025/03/04/23/10/kxbvdp3jgrkni3zo/thumb.webp,X,노출관측,중간,1.0
2026-08-03,k6kwgqlukx3lhgvz,베이지 러스틱 페스티벌 발표 소셜 미디어 게시물,2025-03-04,social_media_square,가을소풍,72,,O,400,400,1,https://file.miricanvas.com/template_thumb/2025/03/04/23/00/k6kwgqlukx3lhgvz/thumb.webp,X,노출관측,중간,1.0
2026-08-03,kvyip0ewopm9ary3,베이지 배경 단풍잎 일러스트로 꾸민 가을 컨셉 뮤직플레이리스트,2025-03-04,youtube_video_full,가을소풍,205,,O,640,360,1,https://file.miricanvas.com/template_thumb/2025/03/04/22/30/kvyip0ewopm9ary3/thumb.webp,X,노출관측,중간,1.0
2026-08-03,k2d2kpo0fhb8o786,오렌지 클래식 가을 이벤트 포스터,2025-03-04,led_panel_ver,가을소풍,24,,O,283,400,1,https://file.miricanvas.com/template_thumb/2025/03/04/21/30/k2d2kpo0fhb8o786/thumb.webp,X,노출관측,중간,1.0
2026-08-03,klz1am1amk7t0c4o,오렌지 전통 축제 발표 포스터,2025-03-04,led_panel_ver,가을소풍,256,,O,283,400,1,https://file.miricanvas.com/template_thumb/2025/03/04/21/30/klz1am1amk7t0c4o/thumb.webp,X,노출관측,중간,1.0
2026-08-03,kpcoyly3pyr9ansk,노란색 은행나무가 있는 공원 풍경의 가을 분위기 인테리어,2025-03-04,poster_ver_print,가을소풍,152,,O,283,400,1,https://file.miricanvas.com/template_thumb/2025/03/04/18/20/kpcoyly3pyr9ansk/thumb.webp,X,노출관측,중간,1.0
2026-08-03,ktcxerbpgh42hg57,오렌지 레트로 가을 이벤트 발표 포스터,2025-03-04,led_panel_ver,가을소풍,53,,O,283,400,1,https://file.miricanvas.com/template_thumb/2025/03/04/18/10/ktcxerbpgh42hg57/thumb.webp,X,노출관측,중간,1.0
2026-08-03,kemon930693fhg5z,붉은 전통 가을 홍보 포스터,2025-03-04,led_panel_ver,가을소풍,124,,O,283,400,1,https://file.miricanvas.com/template_thumb/2025/03/04/18/10/kemon930693fhg5z/thumb.webp,X,노출관측,중간,1.0
2026-08-03,km6blv3rwzi5kgzk,베이지색 소박한 선물 홍보 포스터,2025-03-04,web_post_hor_poster,가을소풍,122,,O,640,452,1,https://file.miricanvas.com/template_thumb/2025/03/04/18/00/km6blv3rwzi5kgzk/thumb.webp,X,노출관측,중간,1.0
2026-08-03,keodp3r10zvlt3rv,노란색 배경의 자연적인 가을행사 홍보,2025-02-14,social_media_square,가을소풍,2,,O,400,400,1,https://file.miricanvas.com/template_thumb/2025/02/14/00/10/keodp3r10zvlt3rv/thumb.webp,O,노출기반후보,중간,1.0
2026-08-03,kbbjv7dmevqyubgj,노란색의 아기자기한 가을풍경이 느껴지는 이벤트 안내,2025-02-14,poster_ver_print,가을소풍,61,,O,283,400,1,https://file.miricanvas.com/template_thumb/2025/02/14/00/10/kbbjv7dmevqyubgj/thumb.webp,X,노출관측,중간,1.0
2026-08-03,kk9r4joagiduk51g,노랑색의 따뜻한 단풍놀이 홍보,2025-02-14,youtube_video_full,가을소풍,92,,O,640,360,1,https://file.miricanvas.com/template_thumb/2025/02/14/00/10/kk9r4joagiduk51g/thumb.webp,X,노출관측,중간,1.0
2026-08-03,k5irlj7ul5yr1k80,분홍 하늘과 가지런히 놓여있는 단풍 나무들의 음악회 현수막,2025-02-14,placard_hor,가을소풍,103,,O,1280,230,1,https://file.miricanvas.com/template_thumb/2025/02/14/00/10/k5irlj7ul5yr1k80/thumb.webp,X,노출관측,중간,1.0
2026-08-03,k3qbvbfkve4k98p1,노을이 물드는 가을 풍경의 감성적인 일러스트와 쿠폰 아이콘으로 표현한 가을 쇼핑 할인 기획전,2025-02-14,poster_ver_print,가을소풍,111,,O,283,400,1,https://file.miricanvas.com/template_thumb/2025/02/14/00/10/k3qbvbfkve4k98p1/thumb.webp,X,노출관측,중간,1.0
2026-08-03,k32gcib8djit9axd,노란색의 가을 소풍 배경 인테리어 사진,2025-02-14,post_card_102_152,가을소풍,132,2,O,272,400,1,https://file.miricanvas.com/template_thumb/2025/02/14/00/10/k32gcib8djit9axd/thumb.webp,X,노출관측,중간,1.0
2026-08-03,kop0d9qe8wzte781,노란색와 갈색의 아기자기한 느낌의 가을 할인 이벤트 안내,2025-02-14,banner,가을소풍,151,,O,133,400,1,https://file.miricanvas.com/template_thumb/2025/02/14/00/10/kop0d9qe8wzte781/thumb.webp,X,노출관측,중간,1.0
2026-08-03,k1leflzjqvywq10d,가을 단풍 나무 배경의 음악을 즐기는 사람들의 일러스트가 담긴 버스킹 배너,2025-02-14,placard_hor,가을소풍,153,,O,1280,230,1,https://file.miricanvas.com/template_thumb/2025/02/14/00/10/k1leflzjqvywq10d/thumb.webp,X,노출관측,중간,1.0
2026-08-03,kid6tm7t38pvtqjf,베이지의 따뜻하고 감성적인 가을 허브티 메뉴소개,2025-02-14,poster_ver_print,가을소풍,171,,O,283,400,1,https://file.miricanvas.com/template_thumb/2025/02/14/00/10/kid6tm7t38pvtqjf/thumb.webp,X,노출관측,중간,1.0
2026-08-03,kl3bewi1kynl7rsn,갈색과 주황색의 가을느낌이 나는 이벤트 안내,2025-02-14,poster_ver_print,가을소풍,172,,O,283,400,1,https://file.miricanvas.com/template_thumb/2025/02/14/00/10/kl3bewi1kynl7rsn/thumb.webp,X,노출관측,중간,1.0
2026-08-03,klyytd5q1mz9ob1z,알록달록한 가을 컬러로 물든 나뭇잎 일러스트로 포인트를 준 가을 쇼핑 할인 기획전,2025-02-14,banner,가을소풍,173,,O,133,400,1,https://file.miricanvas.com/template_thumb/2025/02/14/00/10/klyytd5q1mz9ob1z/thumb.webp,X,노출관측,중간,1.0
2026-08-03,ke2p9pvhqlfdocrq,갈색 배경의 가을 뮤직 페스티벌 행사 홍보,2025-02-14,banner,가을소풍,174,,O,133,400,1,https://file.miricanvas.com/template_thumb/2025/02/14/00/10/ke2p9pvhqlfdocrq/thumb.webp,X,노출관측,중간,1.0
2026-08-03,ksro8ghbdhs9iqaq,베이지 배경 단풍잎 일러스트로 꾸민 가을 컨셉 뮤직플레이리스트,2025-02-14,youtube_video_full,가을소풍,186,,O,640,360,1,https://file.miricanvas.com/template_thumb/2025/02/14/00/10/ksro8ghbdhs9iqaq/thumb.webp,X,노출관측,중간,1.0
2026-08-03,kit9at5bbhlo2aee,동산 위에서 행복한 시간을 보내고 있는 가족 일러스트가 담긴 단풍축제 현수막,2025-02-14,placard_hor,가을소풍,188,,O,1280,230,1,https://file.miricanvas.com/template_thumb/2025/02/14/00/10/kit9at5bbhlo2aee/thumb.webp,X,노출관측,중간,1.0
2026-08-03,k2qrtkpzn28gbtld,주황색와 갈색의 아기자기한 느낌의 가을 세일 이벤트 안내,2025-02-14,banner,가을소풍,196,,O,133,400,1,https://file.miricanvas.com/template_thumb/2025/02/14/00/10/k2qrtkpzn28gbtld/thumb.webp,X,노출관측,중간,1.0
2026-08-03,k1uen1h0q7pwz4r3,아기자기하고 감성적인 수채화 일러스트로 표현한 가을 풍경과 폰트로 포인트를 준 가을 쇼핑 할인 기획전,2025-02-14,poster_ver_print,가을소풍,215,,O,283,400,1,https://file.miricanvas.com/template_thumb/2025/02/14/00/10/k1uen1h0q7pwz4r3/thumb.webp,X,노출관측,중간,1.0
2026-08-03,kh2b7tz5vm4ap388,빨간색과 녹색의 단풍 일러스트가 있는 가을 시즌성 할인 홍보용,2025-02-14,window_flag_square,가을소풍,226,2,O,258,400,1,https://file.miricanvas.com/template_thumb/2025/02/14/00/10/kh2b7tz5vm4ap388/thumb.webp,X,노출관측,중간,1.0
2026-08-03,kz2c0q4hweilhp1y,갈색 배경에 단풍 일러스트가 있는 가을 세일 이벤트,2025-02-14,placard_hor,가을소풍,235,,O,1280,230,1,https://file.miricanvas.com/template_thumb/2025/02/14/00/10/kz2c0q4hweilhp1y/thumb.webp,X,노출관측,중간,1.0
2026-08-03,krsdpmkvvyvdzcad,가을의 풍경과 등산하는 사람들의 모습이 담긴 등산대회 포스터,2025-02-14,poster_ver_print,가을소풍,236,,O,283,400,1,https://file.miricanvas.com/template_thumb/2025/02/14/00/10/krsdpmkvvyvdzcad/thumb.webp,X,노출관측,중간,1.0
2026-08-03,kcy5hkxn070mm2xf,빨간색과 녹색의 단풍 일러스트가 있는 가을 시즌성 할인 홍보용,2025-02-14,window_flag_triangle,가을소풍,238,2,O,258,400,1,https://file.miricanvas.com/template_thumb/2025/02/14/00/10/kcy5hkxn070mm2xf/thumb.webp,X,노출관측,중간,1.0
2026-08-03,kd6acwavnzuqxriu,노란색의 차분한 가을명소 홍보,2025-02-14,facebook_video_horizontal,가을소풍,255,2,O,640,360,1,https://file.miricanvas.com/template_thumb/2025/02/14/00/10/kd6acwavnzuqxriu/thumb.webp,X,노출관측,중간,1.0
2026-08-03,kf62gc824lu87pac,갈색 포인트 컬러에 낙엽 이미지가 있는 깔끔한 할인율 강조 가을 프로모션,2025-02-14,banner,가을소풍,266,,O,133,400,1,https://file.miricanvas.com/template_thumb/2025/02/14/00/10/kf62gc824lu87pac/thumb.webp,X,노출관측,중간,1.0
2026-08-03,kc49kqk2p737yduq,갈색 포인트 컬러에 날리는 낙엽 이미지가 있는 할인율 강조 가을 프로모션,2025-02-14,banner,가을소풍,267,,O,133,400,1,https://file.miricanvas.com/template_thumb/2025/02/14/00/10/kc49kqk2p737yduq/thumb.webp,X,노출관측,중간,1.0
2026-08-03,k3vydong8xwaqx2y,"노랑, 빨간색의 단풍과 벤치가 있는 가을공원",2025-02-14,post_card_102_152,가을소풍,275,2,O,272,400,1,https://file.miricanvas.com/template_thumb/2025/02/14/00/10/k3vydong8xwaqx2y/thumb.webp,X,노출관측,중간,1.0
2026-08-03,k6ie2hjzqp8g43vx,아이보리 갈색 심플한 가을 여행 게시글,2025-02-14,instagram_video_post,가을소풍,283,,O,400,400,1,https://file.miricanvas.com/template_thumb/2025/02/14/00/10/k6ie2hjzqp8g43vx/thumb.webp,X,노출관측,중간,1.0
2026-08-03,k5r9np6j2owf6vhd,낙엽이 가득한 가을 컨셉의 버스킹 행사 홍보,2025-02-14,placard_hor,가을소풍,286,,O,1280,230,1,https://file.miricanvas.com/template_thumb/2025/02/14/00/10/k5r9np6j2owf6vhd/thumb.webp,X,노출관측,중간,1.0
2026-08-03,kbplhx8lilsabjxz,초록배경 가을 컨셉의 음악회 행사 홍보,2025-02-14,placard_hor,가을소풍,296,,O,1280,230,1,https://file.miricanvas.com/template_thumb/2025/02/14/00/10/kbplhx8lilsabjxz/thumb.webp,X,노출관측,중간,1.0
2026-08-03,kyvql2uwh62q6c3e,가을 단풍잎이 있는 음악회 행사,2025-02-14,placard_hor,가을소풍,297,,O,1280,230,1,https://file.miricanvas.com/template_thumb/2025/02/14/00/10/kyvql2uwh62q6c3e/thumb.webp,X,노출관측,중간,1.0
2026-08-03,k69p2b4aiwn3sbjs,갈색의 가을 화장품 뷰티 기획전,2025-02-13,web_post_ver_poster,가을소풍,237,,O,286,400,1,https://file.miricanvas.com/template_thumb/2025/02/13/23/30/k69p2b4aiwn3sbjs/thumb.webp,X,노출관측,중간,1.0
2026-08-03,krv8wrrd6t2szuf6,베이지색과 갈색의 가을 일러스트 창고대방출 이벤트,2025-02-13,placard_square,가을소풍,3,,O,400,400,1,https://file.miricanvas.com/template_thumb/2025/02/13/18/00/krv8wrrd6t2szuf6/thumb.webp,O,노출기반후보,중간,1.0
2026-08-03,knklerqwcs1towkm,귀여운 일러스트 컨셉의 가을맞이 할인 이벤트 안내 ,2025-02-13,social_media_square,가을소풍,33,,O,400,400,1,https://file.miricanvas.com/template_thumb/2025/02/13/18/00/knklerqwcs1towkm/thumb.webp,X,노출관측,중간,1.0
2026-08-03,kyeixjmmlmhmr96c,갈색 가을컨셉의 일러스트 추석세일,2025-02-13,placard_poster_ver,가을소풍,41,,O,1123,1587,1,https://file.miricanvas.com/template_thumb/2025/02/13/18/00/kyeixjmmlmhmr96c/thumb.webp,X,노출관측,중간,1.0
2026-08-03,krayjr91qjdkplbp,갈색 가을컨셉의 일러스트 추석세일,2025-02-13,placard_square,가을소풍,43,,O,400,400,1,https://file.miricanvas.com/template_thumb/2025/02/13/18/00/krayjr91qjdkplbp/thumb.webp,X,노출관측,중간,1.0
2026-08-03,kdwhga6j82olr3sl,갈색 가을컨셉의 일러스트 추석세일,2025-02-13,banner,가을소풍,62,,O,133,400,1,https://file.miricanvas.com/template_thumb/2025/02/13/18/00/kdwhga6j82olr3sl/thumb.webp,X,노출관측,중간,1.0
2026-08-03,kza7eki301ofjwzf,베이지색 가을 컨셉의 반려동물 특가세일,2025-02-13,placard_poster_ver,가을소풍,75,,O,283,400,1,https://file.miricanvas.com/template_thumb/2025/02/13/18/00/kza7eki301ofjwzf/thumb.webp,X,노출관측,중간,1.0
2026-08-03,k8l1g044rsjkksj8,베이지색 가을 컨셉의 반려동물 특가세일,2025-02-13,placard_square,가을소풍,81,,O,400,400,1,https://file.miricanvas.com/template_thumb/2025/02/13/18/00/k8l1g044rsjkksj8/thumb.webp,X,노출관측,중간,1.0
2026-08-03,knit07pczzxmj9vx,분홍색과 베이지색의 코스모스 축제 행사 안내,2025-02-13,web_post_ver_poster,가을소풍,115,,O,283,400,1,https://file.miricanvas.com/template_thumb/2025/02/13/18/00/knit07pczzxmj9vx/thumb.webp,X,노출관측,중간,1.0
2026-08-03,kjthg400m1o1ghm9,베이지색과 갈색의 가을 일러스트 창고대방출 이벤트,2025-02-13,placard_poster_ver,가을소풍,121,,O,283,400,1,https://file.miricanvas.com/template_thumb/2025/02/13/18/00/kjthg400m1o1ghm9/thumb.webp,X,노출관측,중간,1.0
2026-08-03,krofks7r50mvut6a,가을색의 따뜻한 일러스트 가로형포스터,2025-02-13,web_post_hor_poster,가을소풍,141,,O,400,283,1,https://file.miricanvas.com/template_thumb/2025/02/13/18/00/krofks7r50mvut6a/thumb.webp,X,노출관측,중간,1.0
2026-08-03,kp1li7kdr3pjp7wx,노란색 가을 단풍나무 편지컨셉의 추석 영상편지 이벤트,2025-02-13,web_post_ver_poster,가을소풍,165,,O,283,400,1,https://file.miricanvas.com/template_thumb/2025/02/13/18/00/kp1li7kdr3pjp7wx/thumb.webp,X,노출관측,중간,1.0
2026-08-03,ka5ttisub5qjrnmi,베이지색 단풍 일러스트 가을 시즌 카페 홍보,2025-02-13,placard_poster_ver,가을소풍,144,,O,283,400,1,https://file.miricanvas.com/template_thumb/2025/02/13/17/10/ka5ttisub5qjrnmi/thumb.webp,X,노출관측,중간,1.0
2026-08-03,kq5fc714fi2d342v,주황색 일러스트 가을 단풍 축제 홍보,2025-02-13,placard_hor,가을소풍,197,,O,1280,230,1,https://file.miricanvas.com/template_thumb/2025/02/13/17/10/kq5fc714fi2d342v/thumb.webp,X,노출관측,중간,1.0
2026-08-03,ktt8aa71l2xu4n7q,베이지색 따뜻한 단풍 가을 카페 메뉴 홍보,2025-02-13,placard_poster_ver,가을소풍,246,,O,283,400,1,https://file.miricanvas.com/template_thumb/2025/02/13/17/10/ktt8aa71l2xu4n7q/thumb.webp,X,노출관측,중간,1.0
2026-08-03,kfl8x70g0atpf4if,가을파크콘서트_세로포스터,2025-02-13,led_panel_ver,가을소풍,164,,O,891,1260,1,https://file.miricanvas.com/template_thumb/2025/02/13/17/00/kfl8x70g0atpf4if/thumb.webp,X,노출관측,중간,1.0
2026-08-03,klt03ivmlovdhbur,녹색의 다양한 낙엽일러스트가 있는 가을 야유회 안내 및 홍보,2025-02-13,led_panel_ver,가을소풍,34,,O,283,400,1,https://file.miricanvas.com/template_thumb/2025/02/13/16/50/klt03ivmlovdhbur/thumb.webp,X,노출관측,중간,1.0
2026-08-03,klc6lt2botyniqay,가을 이벤트,2025-02-13,instagram_feed,가을소풍,55,,O,1080,1080,1,https://file.miricanvas.com/template_thumb/2025/02/13/16/50/klc6lt2botyniqay/thumb.webp,X,노출관측,중간,1.0
2026-08-03,k1livs92ctqz2uxp,가을소풍_세로배너,2025-02-13,banner,가을소풍,85,,O,133,400,1,https://file.miricanvas.com/template_thumb/2025/02/13/16/50/k1livs92ctqz2uxp/thumb.webp,X,노출관측,중간,1.0
2026-08-03,kdpxr1ez9gj7zh1b,빨간색의 가을 일러스트가 있는 귀여운 가을 세일 이벤트 홍보,2025-02-13,placard_poster_ver,가을소풍,91,,O,283,400,1,https://file.miricanvas.com/template_thumb/2025/02/13/16/50/kdpxr1ez9gj7zh1b/thumb.webp,X,노출관측,중간,1.0
2026-08-03,k8bc3ibxqfvntgtp,가을플리마켓_가로현수막,2025-02-13,placard_hor,가을소풍,142,,O,1280,230,1,https://file.miricanvas.com/template_thumb/2025/02/13/16/50/k8bc3ibxqfvntgtp/thumb.webp,X,노출관측,중간,1.0
2026-08-03,kmtmscfr6ftnxv1w,노란색의 가을 캠핑 풍경 일러스트가 있는 교회 피크닉 홍보,2025-02-13,led_panel_ver,가을소풍,195,,O,283,400,1,https://file.miricanvas.com/template_thumb/2025/02/13/16/50/kmtmscfr6ftnxv1w/thumb.webp,X,노출관측,중간,1.0
2026-08-03,kna29icxbs0nucp4,가을,2025-02-13,instagram_feed,가을소풍,206,,O,400,400,1,https://file.miricanvas.com/template_thumb/2025/02/13/16/50/kna29icxbs0nucp4/thumb.webp,X,노출관측,중간,1.0
2026-08-03,kufn1f59ps5p8zih,가을바자회_세로포스터,2025-02-13,web_post_ver_poster,가을소풍,265,,O,283,400,1,https://file.miricanvas.com/template_thumb/2025/02/13/16/50/kufn1f59ps5p8zih/thumb.webp,X,노출관측,중간,1.0
2026-08-03,k41yr386d4mwmveq,가을행사,2025-02-13,instagram_feed,가을소풍,273,,O,400,400,1,https://file.miricanvas.com/template_thumb/2025/02/13/16/50/k41yr386d4mwmveq/thumb.webp,X,노출관측,중간,1.0
2026-08-03,k2l0c87im6gz2pgc,가을플리마켓_세로배너,2025-02-13,banner,가을소풍,274,,O,133,400,1,https://file.miricanvas.com/template_thumb/2025/02/13/16/50/k2l0c87im6gz2pgc/thumb.webp,X,노출관측,중간,1.0
2026-08-03,koqfqzxc7njprwnx,가을,2025-02-13,fancy_banner_circle,가을소풍,134,,O,400,400,1,https://file.miricanvas.com/template_thumb/2025/02/13/16/40/koqfqzxc7njprwnx/thumb.webp,X,노출관측,중간,1.0
2026-08-03,k0i0utgrvvkqudzo,가을,2025-02-13,fancy_banner_circle,가을소풍,154,,O,400,400,1,https://file.miricanvas.com/template_thumb/2025/02/13/16/40/k0i0utgrvvkqudzo/thumb.webp,X,노출관측,중간,1.0
2026-08-03,k000wlkl3f22nik5,가을,2025-02-13,fancy_banner_square,가을소풍,93,,O,400,400,1,https://file.miricanvas.com/template_thumb/2025/02/13/15/50/k000wlkl3f22nik5/thumb.webp,X,노출관측,중간,1.0
2026-08-03,krm0po3gim4i5mfe,가을,2025-02-13,fancy_banner_square,가을소풍,228,,O,800,800,1,https://file.miricanvas.com/template_thumb/2025/02/13/15/50/krm0po3gim4i5mfe/thumb.webp,X,노출관측,중간,1.0
2026-08-03,k5pe4vt2ih8nrg8x,5% 할인 상품,2025-02-13,fancy_banner_square,가을소풍,248,,O,400,400,1,https://file.miricanvas.com/template_thumb/2025/02/13/15/50/k5pe4vt2ih8nrg8x/thumb.webp,X,노출관측,중간,1.0
2026-08-03,kjoq6cejlvaceils,가을산행,2025-02-13,banner,가을소풍,51,,O,133,400,1,https://file.miricanvas.com/template_thumb/2025/02/13/15/30/kjoq6cejlvaceils/thumb.webp,X,노출관측,중간,1.0
2026-08-03,kpl8fnt37pafw8of,가을산나들이,2025-02-13,banner,가을소풍,54,,O,133,400,1,https://file.miricanvas.com/template_thumb/2025/02/13/14/40/kpl8fnt37pafw8of/thumb.webp,X,노출관측,중간,1.0
2026-08-03,ka7br9epms75as25,단풍축제,2025-02-13,banner,가을소풍,247,,O,133,400,1,https://file.miricanvas.com/template_thumb/2025/02/13/14/40/ka7br9epms75as25/thumb.webp,X,노출관측,중간,1.0
2026-08-03,k3pugfd2x7p2ryki,노랑 자연 여행 광고,2024-12-11,instagram_video_post,가을소풍,199,8,O,400,400,1,https://file.miricanvas.com/template_thumb/2024/12/11/16/00/k3pugfd2x7p2ryki/thumb.webp,X,노출관측,중간,1.0
2026-08-03,kqa4k6p8d23gbe4k,베이지색과 흰색의 모던한 가을 여행 홍보,2024-12-11,instagram_video_post,가을소풍,114,,O,400,400,1,https://file.miricanvas.com/template_thumb/2024/12/11/15/20/kqa4k6p8d23gbe4k/thumb.webp,X,노출관측,중간,1.0
2026-08-03,kh5p5dz3wapkrhd1,주황과 갈색의 아기자기한 가을 프로모션 모음,2024-12-11,card_news,가을소풍,112,6,O,400,400,1,https://file.miricanvas.com/template_thumb/2024/12/11/15/00/kh5p5dz3wapkrhd1/thumb.webp,X,노출관측,중간,1.0
2026-08-03,k1u2getwma6cf7b7,주황 빈티지 와인 행사,2024-12-11,social_media_square,가을소풍,175,,O,1080,1080,1,https://file.miricanvas.com/template_thumb/2024/12/11/15/00/k1u2getwma6cf7b7/thumb.webp,X,노출관측,중간,1.0
2026-08-03,k601htc0fagoj41p,베이지 심플 가을 할인,2024-12-11,instagram_video_post,가을소풍,239,,O,400,400,1,https://file.miricanvas.com/template_thumb/2024/12/11/15/00/k601htc0fagoj41p/thumb.webp,X,노출관측,중간,1.0
2026-08-03,kk2iluq16f6qj95d,노랑 빈티지 여행 안내,2024-12-11,instagram_video_post,가을소풍,83,6,O,400,400,1,https://file.miricanvas.com/template_thumb/2024/12/11/14/50/kk2iluq16f6qj95d/thumb.webp,X,노출관측,중간,1.0
2026-08-03,kdlayrw7pfdu5y5j,녹색 우아한 가을 프레젠테이션,2024-12-11,presentation,가을소풍,216,9,O,640,360,1,https://file.miricanvas.com/template_thumb/2024/12/11/14/50/kdlayrw7pfdu5y5j/thumb.webp,X,노출관측,중간,1.0
2026-08-03,kn2dqt4piskrmqrn,오렌지 레트로 가을 프로모션 소셜 미디어 게시물,2024-12-11,social_media_square,가을소풍,227,,O,1080,1080,1,https://file.miricanvas.com/template_thumb/2024/12/11/14/50/kn2dqt4piskrmqrn/thumb.webp,X,노출관측,중간,1.0
2026-08-03,k1jbgggg1lsaane5,주황 빈티지 할인 행사,2024-12-11,social_media_square,가을소풍,123,,O,400,400,1,https://file.miricanvas.com/template_thumb/2024/12/11/14/40/k1jbgggg1lsaane5/thumb.webp,X,노출관측,중간,1.0
2026-08-03,kgj8phphp033xnl5,갈색의 깔끔한 가을 일러스트가 있는 안내서,2024-12-11,presentation,가을소풍,131,9,O,640,360,1,https://file.miricanvas.com/template_thumb/2024/12/11/14/40/kgj8phphp033xnl5/thumb.webp,X,노출관측,중간,1.0
2026-08-03,kx7woyqzbb7xanea,갈색의 모던한 가을 프로모션 안내,2024-12-11,social_media_square,가을소풍,133,,O,400,400,1,https://file.miricanvas.com/template_thumb/2024/12/11/14/40/kx7woyqzbb7xanea/thumb.webp,X,노출관측,중간,1.0
2026-08-03,kodrip3xe4lle11m,오렌지 엘레강트 가을 프로모션 인스타그램 캐러셀,2024-12-11,card_news,가을소풍,135,5,O,400,400,1,https://file.miricanvas.com/template_thumb/2024/12/11/14/40/kodrip3xe4lle11m/thumb.webp,X,노출관측,중간,1.0
2026-08-03,ke5zd9j5k20lv1bs,주황 아기자기한 가을여행 홍보,2024-12-11,instagram_video_post,가을소풍,145,4,O,400,400,1,https://file.miricanvas.com/template_thumb/2024/12/11/14/40/ke5zd9j5k20lv1bs/thumb.webp,X,노출관측,중간,1.0
2026-08-03,k8qyhtv7qt21duhi,흰색과 주황의 심플한 가을 여행 홍보,2024-12-11,instagram_video_post,가을소풍,162,,O,400,400,1,https://file.miricanvas.com/template_thumb/2024/12/11/14/40/k8qyhtv7qt21duhi/thumb.webp,X,노출관측,중간,1.0
2026-08-03,kjnpokg4gaja9lv5,오렌지 엘레강트 가을 프로모션 인스타그램 캐러셀,2024-12-11,all-types,가을소풍,181,1/5,O,400,400,1,https://file.miricanvas.com/template_thumb/2024/12/11/14/40/kjnpokg4gaja9lv5/thumb.webp,X,노출관측,중간,1.0
2026-08-03,k4m3yhgtiwn16vls,오렌지 엘레강트 가을 프로모션 인스타그램 캐러셀,2024-12-11,all-types,가을소풍,182,1/5,O,400,400,1,https://file.miricanvas.com/template_thumb/2024/12/11/14/40/k4m3yhgtiwn16vls/thumb.webp,X,노출관측,중간,1.0
2026-08-03,kfiakdmprcfcjw19,오렌지 엘레강트 가을 프로모션 인스타그램 캐러셀,2024-12-11,all-types,가을소풍,183,1/5,O,400,400,1,https://file.miricanvas.com/template_thumb/2024/12/11/14/40/kfiakdmprcfcjw19/thumb.webp,X,노출관측,중간,1.0
2026-08-03,kgfk0xc08303alp1,오렌지 엘레강트 가을 프로모션 인스타그램 캐러셀,2024-12-11,all-types,가을소풍,184,1/5,O,,,1,https://file.miricanvas.com/template_thumb/2024/12/11/14/40/kgfk0xc08303alp1/thumb.webp,X,노출관측,중간,1.0
2026-08-03,kscq1125uukwunfo,베이지색과 흰색의 모던한 가을 여행 홍보,2024-12-11,youtube_video_shorts,가을소풍,217,,O,225,400,1,https://file.miricanvas.com/template_thumb/2024/12/11/14/40/kscq1125uukwunfo/thumb.webp,X,노출관측,중간,1.0
2026-08-03,kdr931942wb5gyg5,갈색의 따뜻한 가을 체험 홍보,2024-12-11,card_news,가을소풍,258,6,O,400,400,1,https://file.miricanvas.com/template_thumb/2024/12/11/14/40/kdr931942wb5gyg5/thumb.webp,X,노출관측,중간,1.0
2026-08-03,kirey3c5lsskfd33,주황 빈티지 여행 안내,2024-12-11,instagram_video_post,가을소풍,259,4,O,400,400,1,https://file.miricanvas.com/template_thumb/2024/12/11/14/40/kirey3c5lsskfd33/thumb.webp,X,노출관측,중간,1.0
2026-08-03,k3lltrgxjw39usdq,주황색과 베이지색의 트렌드한 가을 단풍 여행 홍보,2024-12-11,youtube_video_shorts,가을소풍,277,6,O,225,400,1,https://file.miricanvas.com/template_thumb/2024/12/11/14/40/k3lltrgxjw39usdq/thumb.webp,X,노출관측,중간,1.0
2026-08-03,klfx1bx6e8mp5j3y,주황 빈티지 여행 안내,2024-12-11,all-types,가을소풍,303,2/4,O,400,400,1,https://file.miricanvas.com/template_thumb/2024/12/11/14/40/klfx1bx6e8mp5j3y/thumb.webp,X,노출관측,중간,1.0
2026-08-03,kcybhv2whi6xa7m9,주황 빈티지 여행 안내,2024-12-11,all-types,가을소풍,304,2/4,O,400,400,1,https://file.miricanvas.com/template_thumb/2024/12/11/14/40/kcybhv2whi6xa7m9/thumb.webp,X,노출관측,중간,1.0
2026-08-03,kr6xm9e2xwucvbrs,주황 빈티지 여행 안내,2024-12-11,all-types,가을소풍,305,2/4,O,400,400,1,https://file.miricanvas.com/template_thumb/2024/12/11/14/40/kr6xm9e2xwucvbrs/thumb.webp,X,노출관측,중간,1.0
2026-08-03,k3cry7fc1uwq0sun,노랑과 갈색의 심플한 가을 여행지 추천 동영상,2024-12-11,instagram_video_story,가을소풍,42,,O,1080,1920,1,https://file.miricanvas.com/template_thumb/2024/12/11/14/30/k3cry7fc1uwq0sun/thumb.webp,X,노출관측,중간,1.0
2026-08-03,k1mmg3pnbcpwa23y,주황색과 보라색의 아기자기한 어린이 여행 추천 홍보,2024-12-11,youtube_video_shorts,가을소풍,44,,O,225,400,1,https://file.miricanvas.com/template_thumb/2024/12/11/14/30/k1mmg3pnbcpwa23y/thumb.webp,X,노출관측,중간,1.0
2026-08-03,kt2wvb2qfjm9a51l,갈색과 흰색의 미니멀한 문자 문의 동영상,2024-12-11,youtube_video_shorts,가을소풍,105,,O,225,400,1,https://file.miricanvas.com/template_thumb/2024/12/11/14/30/kt2wvb2qfjm9a51l/thumb.webp,X,노출관측,중간,1.0
2026-08-03,kcppcnjew7fycgqe,갈색과 흰색의 미니멀한 가을 단풍 여행 동영상,2024-12-11,youtube_video_shorts,가을소풍,125,3,O,225,400,1,https://file.miricanvas.com/template_thumb/2024/12/11/14/30/kcppcnjew7fycgqe/thumb.webp,X,노출관측,중간,1.0
2026-08-03,kz179p8sspnbdx5u,주황 심플 가을맞이 세일 할인,2024-12-11,card_news,가을소풍,185,5,O,400,400,1,https://file.miricanvas.com/template_thumb/2024/12/11/14/30/kz179p8sspnbdx5u/thumb.webp,X,노출관측,중간,1.0
2026-08-03,kqbrzqtqkf7xbepv,주황 심플 가을 여행 광고,2024-12-11,youtube_video_shorts,가을소풍,198,,O,225,400,1,https://file.miricanvas.com/template_thumb/2024/12/11/14/30/kqbrzqtqkf7xbepv/thumb.webp,X,노출관측,중간,1.0
2026-08-03,kh748bcr572zy02n,베이지색과 주황색의 심플한 가을 배경 프레젠테이션 게시글,2024-12-11,presentation,가을소풍,207,9,O,640,360,1,https://file.miricanvas.com/template_thumb/2024/12/11/14/30/kh748bcr572zy02n/thumb.webp,X,노출관측,중간,1.0
2026-08-03,ktsuiinv3mdjn2e8,주황색과 갈색의 클래식한 가을 배경 발표자료,2024-12-11,presentation,가을소풍,209,9,O,640,360,1,https://file.miricanvas.com/template_thumb/2024/12/11/14/30/ktsuiinv3mdjn2e8/thumb.webp,X,노출관측,중간,1.0
2026-08-03,k018u1s9247shfd4,갈색의 클래식한 가을 플레이리스트 홍보,2024-12-11,youtube_thumb,가을소풍,264,,O,640,360,1,https://file.miricanvas.com/template_thumb/2024/12/11/14/20/k018u1s9247shfd4/thumb.webp,X,노출관측,중간,1.0
2026-08-03,kp1fmi3fhrcktkpu,오렌지 빈티지 가을 프로모션 포스터,2024-12-11,web_post_ver_poster,가을소풍,74,,O,283,400,1,https://file.miricanvas.com/template_thumb/2024/12/11/14/10/kp1fmi3fhrcktkpu/thumb.webp,X,노출관측,중간,1.0
2026-08-03,ka93ehs4qcfs2ktj,노란색 심플 캠핑 이벤트 포스터,2024-12-11,web_post_ver_poster,가을소풍,104,,O,283,400,1,https://file.miricanvas.com/template_thumb/2024/12/11/14/10/ka93ehs4qcfs2ktj/thumb.webp,X,노출관측,중간,1.0
2026-08-03,kdx7ojyt2f51i9e9,베이지색 소박한 가을 메뉴 포스터,2024-12-11,web_post_ver_poster,가을소풍,225,,O,283,400,1,https://file.miricanvas.com/template_thumb/2024/12/11/14/10/kdx7ojyt2f51i9e9/thumb.webp,X,노출관측,중간,1.0
2026-08-03,k7mi2g6zpbn1dv85,마룬 전통 메뉴 홍보 포스터,2024-12-11,web_post_ver_poster,가을소풍,245,,O,283,400,1,https://file.miricanvas.com/template_thumb/2024/12/11/14/10/k7mi2g6zpbn1dv85/thumb.webp,X,노출관측,중간,1.0
2026-08-03,kqc4ns9dzagbcsxt,브라운 러스틱 가을 프로모션 유튜브 썸네일,2024-12-11,youtube_thumb,가을소풍,268,,O,640,360,1,https://file.miricanvas.com/template_thumb/2024/12/11/14/10/kqc4ns9dzagbcsxt/thumb.webp,X,노출관측,중간,1.0
2026-08-03,kfmvq46vl4fkpnth,베이지색 러스틱 독서 이벤트 발표 포스터,2024-12-11,web_post_ver_poster,가을소풍,218,,O,283,400,1,https://file.miricanvas.com/template_thumb/2024/12/11/14/00/kfmvq46vl4fkpnth/thumb.webp,X,노출관측,중간,1.0
